selection_label,topic,words,weighted_words
lowest_noise,0,"model, brand, car, new, like, just, vehicle, electric, design, drive","[[""model"", 0.13767127753519207], [""brand"", 0.12725613498804592], [""car"", 0.09546747680410864], [""new"", 0.08834171560746783], [""like"", 0.05998607211249955], [""just"", 0.05641330501346865], [""vehicle"", 0.05276217228424887], [""electric"", 0.04988496796978402], [""design"", 0.048342587004326025], [""drive"", 0.047637428035837696]]"
lowest_noise,1,"000, warranty, 000 mile, year, mile, whichever comes, whichever, 000 miles, hybrid, years","[[""000"", 0.14937903396680702], [""warranty"", 0.14826574357784042], [""000 mile"", 0.10921708646573255], [""year"", 0.10672741959792174], [""mile"", 0.10182557281227912], [""whichever comes"", 0.09380566684195447], [""whichever"", 0.09285708060806226], [""000 miles"", 0.07924153242313538], [""hybrid"", 0.075936320920127], [""years"", 0.07355325436265123]]"
most_topics,-1,"brand, model, car, new, like, just, vehicle, really, electric, design","[[""brand"", 0.012148700848943494], [""model"", 0.012025975448833319], [""car"", 0.010302403416999355], [""new"", 0.009846295168695516], [""like"", 0.008278212598614316], [""just"", 0.008262662977961445], [""vehicle"", 0.007579674537013356], [""really"", 0.007176788226550083], [""electric"", 0.006710713714712048], [""design"", 0.006669710788098868]]"
most_topics,0,"thank, good, bye, joining, today, doing, thanks, hope, welcome, questions","[[""thank"", 0.10986337122360723], [""good"", 0.04852080850179029], [""bye"", 0.036851675262532066], [""joining"", 0.03582537527993739], [""today"", 0.03551801109200783], [""doing"", 0.0321764081390409], [""thanks"", 0.030086584316712302], [""hope"", 0.028730639675474262], [""welcome"", 0.027859717238378295], [""questions"", 0.027142199451869624]]"
most_topics,1,"audio, apple, carplay, wireless, apple carplay, android, inch, touchscreen, android auto, available","[[""audio"", 0.03358232991234098], [""apple"", 0.033571568834737206], [""carplay"", 0.0323122416434993], [""wireless"", 0.030361224227997304], [""apple carplay"", 0.030217465672942957], [""android"", 0.029474263109041384], [""inch"", 0.026835408129134847], [""touchscreen"", 0.026542174587461526], [""android auto"", 0.02449150598802813], [""available"", 0.022413194257044848]]"
most_topics,2,"engine, horsepower, liter, cylinder, torque, transmission, motor, turbo, electric, speed","[[""engine"", 0.052487530555848275], [""horsepower"", 0.04621820528286113], [""liter"", 0.03853899192196504], [""cylinder"", 0.03253899662900741], [""torque"", 0.03150594455967587], [""transmission"", 0.021174895039163644], [""motor"", 0.02019821204746831], [""turbo"", 0.01804077177418965], [""electric"", 0.01735239126689354], [""speed"", 0.01729862183786884]]"
most_topics,3,"sedan, coupe, model, brand, car, new, brand model, cars, midsize, segment","[[""sedan"", 0.030602935877874618], [""coupe"", 0.026483635443944695], [""model"", 0.024367526428467522], [""brand"", 0.020399671342557373], [""car"", 0.02034816719079425], [""new"", 0.017640414621098013], [""brand model"", 0.015426653344824556], [""cars"", 0.01294361002907283], [""midsize"", 0.012083317977252222], [""segment"", 0.011675288585443913]]"
most_topics,4,"hybrid, model hybrid, plug, plug hybrid, model, fuel, brand, hybrids, new, gas","[[""hybrid"", 0.06607144910364393], [""model hybrid"", 0.028552284129239408], [""plug"", 0.025816152348500637], [""plug hybrid"", 0.022953573137560992], [""model"", 0.022650377790174543], [""fuel"", 0.01630735141217749], [""brand"", 0.014062431510934031], [""hybrids"", 0.013475337379119946], [""new"", 0.013214437535056566], [""gas"", 0.012329109160382658]]"
most_topics,5,"light, led, headlights, rear, lights, signature, laser, tail, beam, design","[[""light"", 0.050501997702865474], [""led"", 0.03989466912239543], [""headlights"", 0.034905238241383904], [""rear"", 0.03204957205470915], [""lights"", 0.03196631961653171], [""signature"", 0.02676630347897569], [""laser"", 0.022565455851228364], [""tail"", 0.01867244098963234], [""beam"", 0.017187213193156026], [""design"", 0.01684801853919175]]"
most_topics,6,"brand model, model, brand, new, new brand, new model, thank, let, welcome, gentlemen","[[""brand model"", 0.037542307755914515], [""model"", 0.03471096416441304], [""brand"", 0.034063154905660545], [""new"", 0.03078402188841164], [""new brand"", 0.028768197963001726], [""new model"", 0.025190858687858857], [""thank"", 0.020720368806946256], [""let"", 0.01895184725198273], [""welcome"", 0.017315194483118142], [""gentlemen"", 0.015010885100068113]]"
most_topics,7,"range, miles, electric, kilometers, battery, hour, kilowatt, hybrid, ev, plug","[[""range"", 0.04884093815332376], [""miles"", 0.03785316013933678], [""electric"", 0.03427089863609524], [""kilometers"", 0.030910176694491066], [""battery"", 0.028021865298041213], [""hour"", 0.025962114946133975], [""kilowatt"", 0.020552831302334235], [""hybrid"", 0.019381011051817745], [""ev"", 0.01864148203877322], [""plug"", 0.018453945336696864]]"
most_topics,8,"door, temperature, tailgate, button, open, press, turn, right, release, cover","[[""door"", 0.03387212324490945], [""temperature"", 0.029500342972156264], [""tailgate"", 0.029486463708644137], [""button"", 0.02874807805178671], [""open"", 0.027143026520078294], [""press"", 0.024683227845506233], [""turn"", 0.024115189577050083], [""right"", 0.02369573819621655], [""release"", 0.023395870808782023], [""cover"", 0.022769626055039873]]"
most_topics,9,"charging, charge, volt, hours, fast, charger, minutes, dc, kilowatt, range","[[""charging"", 0.05020337839209732], [""charge"", 0.047825196855508186], [""volt"", 0.03384382752955247], [""hours"", 0.0331587111278991], [""fast"", 0.03212858694411116], [""charger"", 0.03126227444062668], [""minutes"", 0.030135928521548717], [""dc"", 0.02956908668409295], [""kilowatt"", 0.02676023572104149], [""range"", 0.026184928547587954]]"
most_topics,10,"electric, electrification, vehicles, electrified, electrified vehicles, electric cars, brand, cars, electric car, electric vehicles","[[""electric"", 0.047213666854691666], [""electrification"", 0.04034717948026167], [""vehicles"", 0.03345906798194881], [""electrified"", 0.03118250252107499], [""electrified vehicles"", 0.024713476300965747], [""electric cars"", 0.020073192979687283], [""brand"", 0.01869837195694638], [""cars"", 0.01793422437259716], [""electric car"", 0.017863247624727626], [""electric vehicles"", 0.017794699820598583]]"
most_topics,11,"car, design, beautiful, really, thank, brand, robin, like, model, looking car","[[""car"", 0.0393405741016967], [""design"", 0.026129712423856408], [""beautiful"", 0.01988992291008269], [""really"", 0.018128065069411572], [""thank"", 0.016452459330168638], [""brand"", 0.015627123645087098], [""robin"", 0.014709248709502779], [""like"", 0.01335849738328225], [""model"", 0.01327026544125076], [""looking car"", 0.012607927465288098]]"
most_topics,12,"know don, don know, don, know, said, right, okay, yeah, let, going","[[""know don"", 0.09239243062944312], [""don know"", 0.09039597674105805], [""don"", 0.06655345671954128], [""know"", 0.0643051488615062], [""said"", 0.048451879929556185], [""right"", 0.045498660443052924], [""okay"", 0.04393350014892519], [""yeah"", 0.0435774035491402], [""let"", 0.03960380836167509], [""going"", 0.036942149270569595]]"
most_topics,13,"assist, lane, cruise, distance, braking, cruise control, driver, road, control, traffic","[[""assist"", 0.044464472808685415], [""lane"", 0.04171767819702361], [""cruise"", 0.026180360927378372], [""distance"", 0.0253406678388757], [""braking"", 0.02235748318735904], [""cruise control"", 0.022033921946480572], [""driver"", 0.021539351779174154], [""road"", 0.020985359612122546], [""control"", 0.020506152373444754], [""traffic"", 0.020216128642821143]]"
most_topics,14,"brand, china, brand brand, market, products, global, product, customer, world, markets","[[""brand"", 0.037320007877450136], [""china"", 0.03713200099402241], [""brand brand"", 0.030153705302398037], [""market"", 0.025666696864525895], [""products"", 0.023291410804769114], [""global"", 0.019007804874352406], [""product"", 0.01781242229331999], [""customer"", 0.015280380731496403], [""world"", 0.014951728275230586], [""markets"", 0.014364192668676291]]"
most_topics,15,"seats, seat, leather, comfort, interior, massage, driver seat, comfort seat, trimmed, seating","[[""seats"", 0.0700043583243176], [""seat"", 0.06228976941377333], [""leather"", 0.03998852734047479], [""comfort"", 0.020072967999061494], [""interior"", 0.019040302761447768], [""massage"", 0.01856772896905481], [""driver seat"", 0.016296514643183668], [""comfort seat"", 0.01604091865985189], [""trimmed"", 0.016018382744252293], [""seating"", 0.015732803346040516]]"
most_topics,16,"charging, stations, charge, charging stations, route, station, app, card, brand charge, charging station","[[""charging"", 0.09163950338805606], [""stations"", 0.05536397459617129], [""charge"", 0.05108810542433544], [""charging stations"", 0.04495168665081622], [""route"", 0.02602466069257781], [""station"", 0.025257058155180704], [""app"", 0.02348106554791759], [""card"", 0.022704609287422635], [""brand charge"", 0.020889168179362663], [""charging station"", 0.020673041198118965]]"
most_topics,17,"suv, model, brand model, brand, fleet, luxury, new, design, new brand, segment","[[""suv"", 0.03048137904405742], [""model"", 0.02837312595484657], [""brand model"", 0.022469489707068965], [""brand"", 0.021983001869698336], [""fleet"", 0.01682896938180131], [""luxury"", 0.016212500175901555], [""new"", 0.015701836745614078], [""design"", 0.013408291643567062], [""new brand"", 0.012313541137471216], [""segment"", 0.01079194465168971]]"
most_topics,18,"line, lines, car, rear, design, kind, shape, stance, sort, hood","[[""line"", 0.03208225183368826], [""lines"", 0.031287924232629764], [""car"", 0.029639154724187683], [""rear"", 0.02218703076062458], [""design"", 0.02206718390369847], [""kind"", 0.019681507352681565], [""shape"", 0.019299097653499863], [""stance"", 0.01836615196049943], [""sort"", 0.0163154136735141], [""hood"", 0.016306807315517764]]"
most_topics,19,"space, cubic, cubic feet, room, cargo, seats, feet, luggage, row, seat","[[""space"", 0.050199597548097864], [""cubic"", 0.0383819717156544], [""cubic feet"", 0.0383819717156544], [""room"", 0.03815217541356957], [""cargo"", 0.037667702538680965], [""seats"", 0.03718724042183925], [""feet"", 0.03180225528571483], [""luggage"", 0.02940083242549855], [""row"", 0.02769195896785012], [""seat"", 0.02634941166980761]]"
most_topics,20,"display, information, head display, navigation, screen, functions, head, driver, center, displays","[[""display"", 0.058367625120031456], [""information"", 0.03588363634094867], [""head display"", 0.02716961262394359], [""navigation"", 0.026191110425852284], [""screen"", 0.026062937334017138], [""functions"", 0.0216690062337308], [""head"", 0.02096235643775033], [""driver"", 0.020263150982030423], [""center"", 0.01833562131292656], [""displays"", 0.017867119555432142]]"
most_topics,21,"blue link, link, google, profile, car, connected, blue, smartphone, remote, phone","[[""blue link"", 0.03461190807121063], [""link"", 0.03004911828651199], [""google"", 0.029622251401785555], [""profile"", 0.027742215251722564], [""car"", 0.02729026139829409], [""connected"", 0.027048321272708512], [""blue"", 0.026236034122205307], [""smartphone"", 0.02598015508454146], [""remote"", 0.02084438199570552], [""phone"", 0.020685846764609925]]"
most_topics,22,"candy, price, k23, america, 000, auto evolution, cost, affordable, electric, buy","[[""candy"", 0.13306746945537895], [""price"", 0.0338373398966358], [""k23"", 0.033785939236215305], [""america"", 0.021118513327166678], [""000"", 0.02108140022234412], [""auto evolution"", 0.020913971245099593], [""cost"", 0.018699480146567405], [""affordable"", 0.017889286278254], [""electric"", 0.01762166874395982], [""buy"", 0.017611681278703245]]"
most_topics,23,"design, sketch, clay, sketches, really, model, chris, just, designers, started","[[""design"", 0.03879889626782153], [""sketch"", 0.03256993628990237], [""clay"", 0.02946076655584997], [""sketches"", 0.020431366063021678], [""really"", 0.020238040761344316], [""model"", 0.020150437072265343], [""chris"", 0.01814049906407525], [""just"", 0.017509532392154442], [""designers"", 0.017193222221939378], [""started"", 0.016639250269432738]]"
most_topics,24,"interior, blue, inside, materials, material, color, trim, design, ve, elements","[[""interior"", 0.07086536926041004], [""blue"", 0.0237114609291595], [""inside"", 0.023205468171328993], [""materials"", 0.02129117089396338], [""material"", 0.018546417293213872], [""color"", 0.018481771871961636], [""trim"", 0.018419687746229256], [""design"", 0.018129757748632656], [""ve"", 0.01642275323001922], [""elements"", 0.01641824622309748]]"
most_topics,25,"safety, assist, brand safety, lane, safety sense, detection, collision, pre collision, dynamic radar, pedestrian","[[""safety"", 0.0672287649739394], [""assist"", 0.053254451760359665], [""brand safety"", 0.038073713927745605], [""lane"", 0.03719035883199094], [""safety sense"", 0.03294711312483222], [""detection"", 0.03073132636721588], [""collision"", 0.02982353488541657], [""pre collision"", 0.029761166423840055], [""dynamic radar"", 0.028662494545294438], [""pedestrian"", 0.02844189469005831]]"
most_topics,26,"carbon, carbon fiber, fiber, air, weight, body, wheelbase, roof, structure, rear","[[""carbon"", 0.05695460209011694], [""carbon fiber"", 0.04606128187941939], [""fiber"", 0.045266268770304915], [""air"", 0.03559756404736572], [""weight"", 0.02250168325148297], [""body"", 0.02165365268292133], [""wheelbase"", 0.020018871552417515], [""roof"", 0.019344568498185694], [""structure"", 0.018380021205106036], [""rear"", 0.016087484667018467]]"
most_topics,27,"charging, level, charge, home, level charging, cable, plug, dc, public, 240","[[""charging"", 0.12022395791338014], [""level"", 0.06582928486181729], [""charge"", 0.05108298571612839], [""home"", 0.04460814017656074], [""level charging"", 0.042411978858385366], [""cable"", 0.0295245123728285], [""plug"", 0.028185170173354587], [""dc"", 0.02610755227671226], [""public"", 0.023362095810428224], [""240"", 0.022622718122820563]]"
most_topics,28,"thank, car, excited, today, new, brand, welcome, great, day, customers","[[""thank"", 0.0301705698926883], [""car"", 0.030097733285303113], [""excited"", 0.02584439120704045], [""today"", 0.02491294146019855], [""new"", 0.019164784734746868], [""brand"", 0.018142887812663638], [""welcome"", 0.017480565841106275], [""great"", 0.01536790575660688], [""day"", 0.01469011764340053], [""customers"", 0.013942571292433368]]"
most_topics,29,"blind, parking, blind spot, spot, view, monitor, camera, alert, assist, view monitor","[[""blind"", 0.05273033897504295], [""parking"", 0.051864786070552386], [""blind spot"", 0.05032665245019612], [""spot"", 0.04821809787663511], [""view"", 0.04627452058696828], [""monitor"", 0.04153430452946218], [""camera"", 0.03470061288455585], [""alert"", 0.033052886500259976], [""assist"", 0.030762421788760756], [""view monitor"", 0.02977113067804685]]"
most_topics,30,"black, wheels, xse, alloy, se, grades, alloy wheels, inch, xle, edition","[[""black"", 0.04263072616207263], [""wheels"", 0.03936742637943823], [""xse"", 0.03826917577787398], [""alloy"", 0.0343066519809117], [""se"", 0.034210480559127336], [""grades"", 0.0340106979331737], [""alloy wheels"", 0.03373845391770256], [""inch"", 0.033096427092209425], [""xle"", 0.031491197825568897], [""edition"", 0.02385264165764827]]"
most_topics,31,"brand, general motors, car, general, customers, motors, cars, ve, market, business","[[""brand"", 0.030295065218165402], [""general motors"", 0.025296092613945668], [""car"", 0.023055386485954083], [""general"", 0.022984609885657977], [""customers"", 0.01902803479589144], [""motors"", 0.017567570173799542], [""cars"", 0.017295401070193603], [""ve"", 0.01659600425310514], [""market"", 0.0165049010754577], [""business"", 0.016051205185341155]]"
most_topics,32,"pedal, braking, regenerative, energy, brake, regenerative braking, accelerator, regen, brakes, recuperation","[[""pedal"", 0.08782523212070736], [""braking"", 0.052653506042316466], [""regenerative"", 0.03936145421898529], [""energy"", 0.038618190001827146], [""brake"", 0.03849100098880657], [""regenerative braking"", 0.03612595694420534], [""accelerator"", 0.03370271702593024], [""regen"", 0.02612583602427109], [""brakes"", 0.024796517618309696], [""recuperation"", 0.024712262236565488]]"
most_topics,33,"battery, lithium, cells, lithium ion, ion, cooling, battery pack, pack, batteries, iron","[[""battery"", 0.09681517671815293], [""lithium"", 0.051432946816676234], [""cells"", 0.03557668444394969], [""lithium ion"", 0.034939971233110115], [""ion"", 0.034939971233110115], [""cooling"", 0.03022627583956244], [""battery pack"", 0.02899901157816733], [""pack"", 0.02882706838817905], [""batteries"", 0.027637089365648234], [""iron"", 0.024282863131105406]]"
most_topics,34,"auto, detroit, season, auto season, channel, 2015, la, los angeles, los, angeles","[[""auto"", 0.07799409150117605], [""detroit"", 0.057688106033007315], [""season"", 0.032002355728744485], [""auto season"", 0.03092818004305572], [""channel"", 0.026184132661187107], [""2015"", 0.026032434397589403], [""la"", 0.025207102503154246], [""los angeles"", 0.024836506035427853], [""los"", 0.024836506035427853], [""angeles"", 0.024656875658777767]]"
most_topics,35,"sound, noise, quiet, hear, wind, whisper, engine, car, like, silence","[[""sound"", 0.0610967563612857], [""noise"", 0.056339723221999705], [""quiet"", 0.049012626763966984], [""hear"", 0.033318448869650796], [""wind"", 0.02812512185410511], [""whisper"", 0.022250234315627865], [""engine"", 0.019611383686830273], [""car"", 0.017596776252538443], [""like"", 0.017049142403816758], [""silence"", 0.016245846994940485]]"
most_topics,36,"grille, hood, design, led, look, new, single frame, signature, headlights, grill","[[""grille"", 0.0790742832850078], [""hood"", 0.0316138593986007], [""design"", 0.02585449152780745], [""led"", 0.024600952709820184], [""look"", 0.02367545944523715], [""new"", 0.022991419262291098], [""single frame"", 0.02191817129503937], [""signature"", 0.021683534883628126], [""headlights"", 0.020455653143249677], [""grill"", 0.02035742296286489]]"
most_topics,37,"model, 2025, platform, new, egmp, brand, design, electric, parametric, global modular","[[""model"", 0.023493065253000957], [""2025"", 0.018736968310714676], [""platform"", 0.017641541837101742], [""new"", 0.016668186606368644], [""egmp"", 0.01571249227350018], [""brand"", 0.015090293564527596], [""design"", 0.015019102751357814], [""electric"", 0.014679679389935611], [""parametric"", 0.013903845796434115], [""global modular"", 0.013467850520143007]]"
most_topics,38,"gt, model gt, gt3, racing, racetrack, performance, model, race, race car, car","[[""gt"", 0.05658722403932269], [""model gt"", 0.034252702189733066], [""gt3"", 0.032520410792262505], [""racing"", 0.029774903984771905], [""racetrack"", 0.022197720661804712], [""performance"", 0.021572138486228163], [""model"", 0.021303306446327372], [""race"", 0.019911587680663256], [""race car"", 0.01768707785941612], [""car"", 0.014061460207243871]]"
most_topics,39,"wheel drive, wheel, drive, torque, traction, horsepower, grades, quattro, motor, rear","[[""wheel drive"", 0.09946749821090801], [""wheel"", 0.07484011603268442], [""drive"", 0.06283027901997494], [""torque"", 0.036759043073904415], [""traction"", 0.029923046331823314], [""horsepower"", 0.02463311688127164], [""grades"", 0.019849380800675765], [""quattro"", 0.019521247029026467], [""motor"", 0.017818143697229304], [""rear"", 0.017503659787850206]]"
most_topics,40,"warranty, 000, 000 mile, mile, whichever comes, whichever, year, 000 miles, 100 000, roadside","[[""warranty"", 0.0953230616657509], [""000"", 0.08483712465749879], [""000 mile"", 0.06927603460832321], [""mile"", 0.06140718727170857], [""whichever comes"", 0.060603256468516574], [""whichever"", 0.05971522636980479], [""year"", 0.05513933775104933], [""000 miles"", 0.05169254967644764], [""100 000"", 0.045176973003803265], [""roadside"", 0.044415403426459436]]"
most_topics,41,"ev, model ev, ev9, evs, brand, new, model, electric, brand model, world","[[""ev"", 0.07999502315255448], [""model ev"", 0.037011586282893034], [""ev9"", 0.028221677631318248], [""evs"", 0.020877336016967035], [""brand"", 0.02078070113107589], [""new"", 0.019550691036377486], [""model"", 0.01895374318041784], [""electric"", 0.01731669262808715], [""brand model"", 0.014721357101874943], [""world"", 0.013408422648456656]]"
most_topics,42,"amg, brand amg, wheel, gt, amg model, performance, sl, steering wheel, steering, buttons","[[""amg"", 0.13526469587272283], [""brand amg"", 0.03844075568552148], [""wheel"", 0.022382790391370484], [""gt"", 0.020189210818495385], [""amg model"", 0.02014573751389945], [""performance"", 0.01971834571244584], [""sl"", 0.018683506971375094], [""steering wheel"", 0.018250018593651406], [""steering"", 0.017872361389671403], [""buttons"", 0.017319664055175526]]"
most_topics,43,"class, brand class, new class, new, brand, new brand, luxury, customers, class brand, car","[[""class"", 0.14589368215426962], [""brand class"", 0.09300917564872759], [""new class"", 0.05772781167189528], [""new"", 0.03397835518987334], [""brand"", 0.02927674369822707], [""new brand"", 0.025192746349604972], [""luxury"", 0.02269511007964329], [""customers"", 0.01662954301489672], [""class brand"", 0.014642357745709166], [""car"", 0.013896031263629238]]"
most_topics,44,"drive, test, test drive, let, want, let drive, yeah, fun, time, think","[[""drive"", 0.06577879100359182], [""test"", 0.06474771261411202], [""test drive"", 0.05371787608137603], [""let"", 0.04070368614829984], [""want"", 0.033304004541518654], [""let drive"", 0.02827552708967927], [""yeah"", 0.027646688952879972], [""fun"", 0.023631324130268673], [""time"", 0.023433699877118942], [""think"", 0.02194067560143997]]"
most_topics,45,"steering, rear axle, axle steering, wheel, axle, feel, steering wheel, rear, radius, turning radius","[[""steering"", 0.09695968617662075], [""rear axle"", 0.03300620865352354], [""axle steering"", 0.03268336716089645], [""wheel"", 0.03147414965408803], [""axle"", 0.029946273087913183], [""feel"", 0.02862910728781591], [""steering wheel"", 0.02856015041094971], [""rear"", 0.02852463682363505], [""radius"", 0.025901982943765594], [""turning radius"", 0.02442074485985257]]"
most_topics,46,"president, welcome, vice president, vice, gentlemen welcome, ladies gentlemen, ladies, gentlemen, good, good morning","[[""president"", 0.08861446378620508], [""welcome"", 0.0720801599223843], [""vice president"", 0.06740800814725066], [""vice"", 0.0651727079384186], [""gentlemen welcome"", 0.06100443762729326], [""ladies gentlemen"", 0.05947928891086119], [""ladies"", 0.05938527894417228], [""gentlemen"", 0.05919889120809737], [""good"", 0.04210431926092872], [""good morning"", 0.04160380559292539]]"
most_topics,47,"key, digital key, digital, connect, unlock, brand digital, smartphone, compatible, fob, start","[[""key"", 0.08919028641713858], [""digital key"", 0.06695862773788887], [""digital"", 0.05393104250581367], [""connect"", 0.04245775444138252], [""unlock"", 0.03794132182525546], [""brand digital"", 0.03275364469073414], [""smartphone"", 0.0324691305259801], [""compatible"", 0.029904624448377694], [""fob"", 0.02306696013769444], [""start"", 0.021520649268445068]]"
most_topics,48,"mode, sport, mode comfort, comfort mode, tnga, comfort, drive, sport plus, sport mode, power","[[""mode"", 0.07007103504597888], [""sport"", 0.04813855167537332], [""mode comfort"", 0.04177553746427419], [""comfort mode"", 0.04031005433909382], [""tnga"", 0.03834417186780862], [""comfort"", 0.03501350540471188], [""drive"", 0.02390045830141925], [""sport plus"", 0.02174461958784205], [""sport mode"", 0.02052796495586714], [""power"", 0.020506610128003262]]"
most_topics,49,"co2, climate, emissions, zero, climate change, sustainable, future, environment, change, want","[[""co2"", 0.05509058605437312], [""climate"", 0.041438116363340584], [""emissions"", 0.03252150419622748], [""zero"", 0.0313363032630807], [""climate change"", 0.025763144899928387], [""sustainable"", 0.02432266848175947], [""future"", 0.024240349890302347], [""environment"", 0.02337720996280424], [""change"", 0.021932646882410492], [""want"", 0.021524922049116515]]"
most_topics,50,"stage, join, invite, thank, photo, photographers, like invite, photos, mr, closer look","[[""stage"", 0.0695126229013096], [""join"", 0.0662142176960168], [""invite"", 0.06340796032261722], [""thank"", 0.05828338144562577], [""photo"", 0.047723037934627593], [""photographers"", 0.04323163044249434], [""like invite"", 0.03187167380655902], [""photos"", 0.03159600865245413], [""mr"", 0.03142478119742422], [""closer look"", 0.026485687078406726]]"
most_topics,51,"wheels, inch, 20 inch, 20, 21, wheel, 17, inch wheels, alloy, 21 inch","[[""wheels"", 0.07553291401268648], [""inch"", 0.059161732794513255], [""20 inch"", 0.04306486579976766], [""20"", 0.04008873038921787], [""21"", 0.03116647343631566], [""wheel"", 0.027817393190526517], [""17"", 0.02748182043179723], [""inch wheels"", 0.02748182043179723], [""alloy"", 0.024135093364395302], [""21 inch"", 0.023654433927449387]]"
most_topics,52,"suspension, ride, comfort, steering, air suspension, air, performance, driving, handling, chassis","[[""suspension"", 0.07325646255142876], [""ride"", 0.025548341920364728], [""comfort"", 0.023247088214740967], [""steering"", 0.021998552962141846], [""air suspension"", 0.02006823796375712], [""air"", 0.019888617590662853], [""performance"", 0.0192143197100206], [""driving"", 0.01881804610724796], [""handling"", 0.01658737554960279], [""chassis"", 0.01607159913098433]]"
most_topics,53,"truck, comfortable, feel, car, like, felt, does feel, texas, best, driving","[[""truck"", 0.042702252206351904], [""comfortable"", 0.04201106522547202], [""feel"", 0.03798690718048781], [""car"", 0.024831816430605065], [""like"", 0.021155344306707836], [""felt"", 0.02109338926333259], [""does feel"", 0.020915896493304057], [""texas"", 0.02004822540653421], [""best"", 0.01934199539545398], [""driving"", 0.018181659671897027]]"
most_topics,54,"sports car, sports, brand, electric, design, electric crossover, crossover, car, brand model, model","[[""sports car"", 0.045813726359090146], [""sports"", 0.041497610409351376], [""brand"", 0.027718423073321438], [""electric"", 0.02731358655313772], [""design"", 0.023437851769881803], [""electric crossover"", 0.0231525025688061], [""crossover"", 0.020642036011142735], [""car"", 0.02024415379321244], [""brand model"", 0.020091661749923988], [""model"", 0.019228204203791694]]"
most_topics,55,"display, hyperscreen, cockpit, screen, inch, mbux, screens, 12 inch, displays, 12","[[""display"", 0.06919922293459195], [""hyperscreen"", 0.048346543119074124], [""cockpit"", 0.047130506172775206], [""screen"", 0.040831585799201375], [""inch"", 0.03157009409518189], [""mbux"", 0.03041128952635838], [""screens"", 0.028833871068420537], [""12 inch"", 0.028181245504304647], [""displays"", 0.02799158113924568], [""12"", 0.02700998202333186]]"
most_topics,56,"drive, driving, racetrack, love, racing, want, ve driving, really, crest, like","[[""drive"", 0.056682706114206255], [""driving"", 0.04199246694217319], [""racetrack"", 0.031219526763158176], [""love"", 0.028485361405063345], [""racing"", 0.026920478631467137], [""want"", 0.02459882463265634], [""ve driving"", 0.023495307383645664], [""really"", 0.023402062415667477], [""crest"", 0.022964989322967165], [""like"", 0.02241834993695905]]"
best_balance,-1,"model, brand, car, new, just, like, vehicle, really, design, drive","[[""model"", 0.015075854653040581], [""brand"", 0.014587440154310691], [""car"", 0.012277746700879145], [""new"", 0.011909988452210914], [""just"", 0.010364600528330221], [""like"", 0.0096139709103167], [""vehicle"", 0.008587223735948453], [""really"", 0.00805456533093867], [""design"", 0.007805189108894167], [""drive"", 0.007519060309928629]]"
best_balance,0,"seats, interior, seat, space, leather, rear, heated, inside, cargo, model","[[""seats"", 0.03527499764627278], [""interior"", 0.03039588359700627], [""seat"", 0.028310815484649955], [""space"", 0.019966818334569748], [""leather"", 0.017639809288841866], [""rear"", 0.014446624793512382], [""heated"", 0.013948331883092822], [""inside"", 0.012878945597348078], [""cargo"", 0.01264033979700934], [""model"", 0.01222689486840175]]"
best_balance,1,"brand, new, brand brand, market, year, customers, product, cars, welcome, sales","[[""brand"", 0.040525299810228045], [""new"", 0.017324081080833748], [""brand brand"", 0.015307599372048319], [""market"", 0.014261961114522406], [""year"", 0.014207687580012621], [""customers"", 0.013979596707286475], [""product"", 0.013731579831872202], [""cars"", 0.01293415224565716], [""welcome"", 0.012931539224899697], [""sales"", 0.012750911304596055]]"
best_balance,2,"assist, safety, lane, spot, alert, parking, blind, collision, blind spot, traffic","[[""assist"", 0.04341833446512515], [""safety"", 0.036086122471255956], [""lane"", 0.029984706379590307], [""spot"", 0.02213932678472938], [""alert"", 0.02203161265228411], [""parking"", 0.021766162287647682], [""blind"", 0.020903831949938455], [""collision"", 0.020520491979066476], [""blind spot"", 0.020373278689479885], [""traffic"", 0.020245144022077867]]"
best_balance,3,"grille, rear, led, light, design, headlights, look, car, lights, new","[[""grille"", 0.028669188836717718], [""rear"", 0.025601718147031764], [""led"", 0.02473290238679072], [""light"", 0.024244509381599326], [""design"", 0.022354026369998815], [""headlights"", 0.020284683604919244], [""look"", 0.018237004396244632], [""car"", 0.018145505191963774], [""lights"", 0.017248412910592724], [""new"", 0.016276233379874598]]"
best_balance,4,"electric, ev, brand, vehicles, electric car, model, electrification, electric vehicle, new, electrified","[[""electric"", 0.050318626905635856], [""ev"", 0.029194367663693908], [""brand"", 0.02208118885821362], [""vehicles"", 0.021060794458744505], [""electric car"", 0.018077855001879375], [""model"", 0.017403177329871882], [""electrification"", 0.01645933304054396], [""electric vehicle"", 0.015653059062563514], [""new"", 0.015543315565403597], [""electrified"", 0.014533654886990958]]"
best_balance,5,"drive, don, know, right, let, yeah, going, don know, want, car","[[""drive"", 0.039789026917647366], [""don"", 0.026662348243071746], [""know"", 0.025741334575336023], [""right"", 0.025133917520849404], [""let"", 0.024610445361340546], [""yeah"", 0.024098267624440922], [""going"", 0.023585005894435348], [""don know"", 0.023489685161397503], [""want"", 0.022230798227954672], [""car"", 0.022014992520676267]]"
best_balance,6,"thank, good, today, bye, joining, doing, thanks, hope, welcome, great","[[""thank"", 0.12420325962526332], [""good"", 0.05470131110892012], [""today"", 0.040395237906523516], [""bye"", 0.03932444452125085], [""joining"", 0.038781730647247874], [""doing"", 0.03522385075699208], [""thanks"", 0.03354875566823823], [""hope"", 0.03116767696412416], [""welcome"", 0.030967075130500163], [""great"", 0.02969487722120758]]"
best_balance,7,"charging, charge, stations, level, charging stations, home, plug, station, cable, public","[[""charging"", 0.10959273181303902], [""charge"", 0.05550998546851237], [""stations"", 0.034025230575126866], [""level"", 0.02919323678149532], [""charging stations"", 0.02827067667118562], [""home"", 0.02383589692214981], [""plug"", 0.02185187475360117], [""station"", 0.021150502873533917], [""cable"", 0.01851380044820967], [""public"", 0.01771675251542915]]"
best_balance,8,"display, mbux, information, screen, navigation, functions, driver, new, control, displays","[[""display"", 0.05038051810906027], [""mbux"", 0.032480386088446195], [""information"", 0.02675765469092946], [""screen"", 0.02659216807848545], [""navigation"", 0.020127468256929865], [""functions"", 0.017928681804602043], [""driver"", 0.016671286834283063], [""new"", 0.01589718688402738], [""control"", 0.01569212293026768], [""displays"", 0.015678127014493295]]"
best_balance,9,"audio, apple, carplay, wireless, apple carplay, android, inch, touchscreen, android auto, available","[[""audio"", 0.03692005166498388], [""apple"", 0.036751877201728685], [""carplay"", 0.035243341187823865], [""wireless"", 0.033198129113389825], [""apple carplay"", 0.03289244914030451], [""android"", 0.03233032330983829], [""inch"", 0.030218689955345514], [""touchscreen"", 0.029030925492582103], [""android auto"", 0.026617090095887745], [""available"", 0.02604172006178374]]"
best_balance,10,"steering, suspension, wheel, driving, car, feel, rear, control, comfort, steering wheel","[[""steering"", 0.04718184113790184], [""suspension"", 0.03575444523989571], [""wheel"", 0.020086962267589693], [""driving"", 0.018762344274325948], [""car"", 0.01612920524056081], [""feel"", 0.015431940824255027], [""rear"", 0.015408240273556834], [""control"", 0.013957713809509735], [""comfort"", 0.013800627451850025], [""steering wheel"", 0.013737769449918016]]"
best_balance,11,"engine, horsepower, liter, cylinder, torque, transmission, motor, electric, turbo, speed","[[""engine"", 0.0594489003890461], [""horsepower"", 0.05141878619862967], [""liter"", 0.04228930295284074], [""cylinder"", 0.035463482745782475], [""torque"", 0.03488731155030031], [""transmission"", 0.02320041154401441], [""motor"", 0.022473134628507637], [""electric"", 0.020373752500009685], [""turbo"", 0.01956484787553352], [""speed"", 0.01940150482598265]]"
best_balance,12,"sedan, model, coupe, brand, car, new, brand model, cars, midsize, segment","[[""sedan"", 0.03394814759929409], [""model"", 0.031129638452025616], [""coupe"", 0.02898702529560985], [""brand"", 0.025865386311296895], [""car"", 0.02509903186057221], [""new"", 0.021626677920228675], [""brand model"", 0.017797743811697984], [""cars"", 0.014720427928981093], [""midsize"", 0.012993441908216606], [""segment"", 0.012890983135860505]]"
best_balance,13,"hybrid, model hybrid, plug, model, plug hybrid, fuel, brand, new, hybrids, gas","[[""hybrid"", 0.07681146162913412], [""model hybrid"", 0.031236717530324982], [""plug"", 0.028978966789350764], [""model"", 0.02897412633997457], [""plug hybrid"", 0.02537411476958994], [""fuel"", 0.018235899213703013], [""brand"", 0.017853710458296115], [""new"", 0.01622190951945423], [""hybrids"", 0.014509415601871791], [""gas"", 0.013569589663041198]]"
best_balance,14,"key, smartphone, digital key, app, car, digital, phone, connected, blue link, link","[[""key"", 0.03770568886401486], [""smartphone"", 0.03307040430633526], [""digital key"", 0.02813215689881611], [""app"", 0.027138135273119875], [""car"", 0.026141381141864622], [""digital"", 0.02577907544651312], [""phone"", 0.023008419035905982], [""connected"", 0.022887869273091183], [""blue link"", 0.022812848408467694], [""link"", 0.02068221549793269]]"
best_balance,15,"wheels, inch, black, grades, alloy, xse, alloy wheels, xle, se, model","[[""wheels"", 0.04815495315986719], [""inch"", 0.03998539391684535], [""black"", 0.034770583504804324], [""grades"", 0.029444269431347092], [""alloy"", 0.028227064628253154], [""xse"", 0.02725937202100114], [""alloy wheels"", 0.026378700815467317], [""xle"", 0.02484101159897113], [""se"", 0.022739498796840913], [""model"", 0.020919037703314058]]"
best_balance,16,"model, brand model, brand, new, new brand, new model, thank, let, welcome, today","[[""model"", 0.04432968265533885], [""brand model"", 0.04329916389619047], [""brand"", 0.04317635563643756], [""new"", 0.037728687491604664], [""new brand"", 0.0321607191621381], [""new model"", 0.028552663766997444], [""thank"", 0.023375553478505683], [""let"", 0.021716060757382222], [""welcome"", 0.019205924028843788], [""today"", 0.016973790267244823]]"
best_balance,17,"range, miles, electric, kilometers, battery, hour, hybrid, kilowatt, ev, plug","[[""range"", 0.0555631664346462], [""miles"", 0.042408201923218515], [""electric"", 0.04025774837982611], [""kilometers"", 0.03351823269448698], [""battery"", 0.03192927499886051], [""hour"", 0.028594425932244243], [""hybrid"", 0.022510349909048547], [""kilowatt"", 0.022353748767035827], [""ev"", 0.020832154475752023], [""plug"", 0.02069541935931035]]"
best_balance,18,"door, temperature, button, tailgate, open, right, press, turn, going, release","[[""door"", 0.03756750219991905], [""temperature"", 0.03202479154900659], [""button"", 0.031684431697177155], [""tailgate"", 0.031458935551131585], [""open"", 0.029859744896093738], [""right"", 0.027394814894688126], [""press"", 0.02696477785808091], [""turn"", 0.026597520194759205], [""going"", 0.026220703861101726], [""release"", 0.025018489858334318]]"
best_balance,19,"charging, charge, volt, hours, fast, charger, minutes, dc, range, kilowatt","[[""charging"", 0.05763460798617733], [""charge"", 0.05374781251874249], [""volt"", 0.036838934763886874], [""hours"", 0.03602024642377226], [""fast"", 0.035482985017162946], [""charger"", 0.034046916517986706], [""minutes"", 0.03284852846150835], [""dc"", 0.0319533950447645], [""range"", 0.029812834244765253], [""kilowatt"", 0.02912846004586404]]"
best_balance,20,"car, design, beautiful, really, brand, thank, model, like, robin, look","[[""car"", 0.048508505551653855], [""design"", 0.030601781623598216], [""beautiful"", 0.021950628499246436], [""really"", 0.02129254798646912], [""brand"", 0.019807076376601868], [""thank"", 0.018559892759427384], [""model"", 0.016946802579832596], [""like"", 0.015884309746838035], [""robin"", 0.01558122079383018], [""look"", 0.013609144367714933]]"
best_balance,21,"model, suv, brand, brand model, new, fleet, luxury, design, new brand, segment","[[""model"", 0.03625674005180412], [""suv"", 0.03350455932506089], [""brand"", 0.02788057532526031], [""brand model"", 0.02593017071064148], [""new"", 0.019255305676807274], [""fleet"", 0.01798860911735997], [""luxury"", 0.01798589178557104], [""design"", 0.015712993686763113], [""new brand"", 0.013773670217095572], [""segment"", 0.011918924297539187]]"
best_balance,22,"candy, price, k23, 000, america, auto evolution, electric, cost, affordable, buy","[[""candy"", 0.14461836372932527], [""price"", 0.03660664054828944], [""k23"", 0.036054596613418866], [""000"", 0.02349245367475973], [""america"", 0.023308018919965427], [""auto evolution"", 0.022123289061796152], [""electric"", 0.020730290202226942], [""cost"", 0.020278189729036084], [""affordable"", 0.019216574052814038], [""buy"", 0.019061629885884175]]"
best_balance,23,"design, sketch, clay, model, really, sketches, just, chris, designers, started","[[""design"", 0.04545544602242186], [""sketch"", 0.03473727017572628], [""clay"", 0.031198345077809348], [""model"", 0.025742285436780924], [""really"", 0.023779302974535524], [""sketches"", 0.02159028333923157], [""just"", 0.0207247417647816], [""chris"", 0.019438325396566054], [""designers"", 0.018625655779836613], [""started"", 0.018201462446081083]]"
best_balance,24,"carbon, carbon fiber, fiber, air, weight, body, wheelbase, roof, structure, rear","[[""carbon"", 0.06218747148700792], [""carbon fiber"", 0.04972729123748005], [""fiber"", 0.04892805846492931], [""air"", 0.03964354611059719], [""weight"", 0.024519019654488272], [""body"", 0.023902727886702026], [""wheelbase"", 0.02151835395400737], [""roof"", 0.021213232148150844], [""structure"", 0.019871523486799277], [""rear"", 0.018694880998574293]]"
best_balance,25,"car, thank, today, excited, new, brand, welcome, great, day, customers","[[""car"", 0.037142360392354454], [""thank"", 0.034063295242996686], [""today"", 0.028296297449742016], [""excited"", 0.0282924243528096], [""new"", 0.02350655615567944], [""brand"", 0.02301474945975845], [""welcome"", 0.01940448151410439], [""great"", 0.017506869465304466], [""day"", 0.016295085967896077], [""customers"", 0.015797606081361323]]"
best_balance,26,"pedal, braking, energy, brake, regenerative, regenerative braking, accelerator, regen, brakes, recuperation","[[""pedal"", 0.09541904524700123], [""braking"", 0.05792782502401881], [""energy"", 0.04250272860859681], [""brake"", 0.04212174904694637], [""regenerative"", 0.04206351416462692], [""regenerative braking"", 0.038545421435537734], [""accelerator"", 0.03611681196446509], [""regen"", 0.02769557071570826], [""brakes"", 0.026775012510535358], [""recuperation"", 0.02641850840204395]]"
best_balance,27,"battery, lithium, cells, lithium ion, ion, cooling, battery pack, pack, batteries, iron","[[""battery"", 0.11031894836751131], [""lithium"", 0.05552458953484039], [""cells"", 0.038074377301497674], [""lithium ion"", 0.037577058606219], [""ion"", 0.037577058606219], [""cooling"", 0.032567530115804426], [""battery pack"", 0.031196203342826214], [""pack"", 0.031162801478963637], [""batteries"", 0.029689590161747693], [""iron"", 0.0257579541412594]]"
best_balance,28,"auto, detroit, season, auto season, channel, 2015, brand, la, los angeles, los","[[""auto"", 0.08648335575192781], [""detroit"", 0.061689134486993244], [""season"", 0.0340895678664102], [""auto season"", 0.032663493652463856], [""channel"", 0.02792364450998353], [""2015"", 0.02777198254682446], [""brand"", 0.027437191512810075], [""la"", 0.026946697041914824], [""los angeles"", 0.02640144366058845], [""los"", 0.02640144366058845]]"
best_balance,29,"sound, noise, quiet, hear, wind, whisper, engine, car, like, just","[[""sound"", 0.06739979274370514], [""noise"", 0.060777800401364504], [""quiet"", 0.052847062806877954], [""hear"", 0.03631571361161948], [""wind"", 0.03015195060717107], [""whisper"", 0.023478117999239607], [""engine"", 0.02224004003647543], [""car"", 0.021729914657697105], [""like"", 0.02030303591277662], [""just"", 0.019107583884650916]]"
best_balance,30,"model, new, 2025, platform, brand, design, electric, egmp, parametric, ev","[[""model"", 0.030074497842764305], [""new"", 0.02047695832877683], [""2025"", 0.020221577434210748], [""platform"", 0.019343382818563484], [""brand"", 0.019172977201722705], [""design"", 0.017632204312260917], [""electric"", 0.01727311800412996], [""egmp"", 0.016594974971350086], [""parametric"", 0.014781423718698847], [""ev"", 0.014353875395841894]]"
best_balance,31,"gt, model gt, gt3, racing, model, performance, racetrack, race, race car, car","[[""gt"", 0.06150574054098049], [""model gt"", 0.03665883316834441], [""gt3"", 0.034454070743823936], [""racing"", 0.03201454262762766], [""model"", 0.027227429943077145], [""performance"", 0.024759661520672816], [""racetrack"", 0.02364477370583157], [""race"", 0.021506375120308795], [""race car"", 0.018813267216266985], [""car"", 0.017352381940810756]]"
best_balance,32,"wheel drive, wheel, drive, torque, traction, horsepower, grades, quattro, rear, motor","[[""wheel drive"", 0.1107460971977828], [""wheel"", 0.08596873661865405], [""drive"", 0.07354949863983952], [""torque"", 0.04070854711225151], [""traction"", 0.032389571759177525], [""horsepower"", 0.02740782149666187], [""grades"", 0.02197019279765471], [""quattro"", 0.02091112462754929], [""rear"", 0.020302133211121405], [""motor"", 0.019827117928752164]]"
best_balance,33,"warranty, 000, 000 mile, mile, whichever comes, whichever, year, 000 miles, 100 000, roadside assistance","[[""warranty"", 0.10384346660766716], [""000"", 0.09429772976469565], [""000 mile"", 0.074770667871399], [""mile"", 0.06702319234790204], [""whichever comes"", 0.06518986944556224], [""whichever"", 0.06429966861409084], [""year"", 0.06229639074174288], [""000 miles"", 0.05553084333314643], [""100 000"", 0.04859608449578276], [""roadside assistance"", 0.04775189971168529]]"
best_balance,34,"class, brand class, new class, new, brand, new brand, luxury, customers, car, class brand","[[""class"", 0.1635683333999843], [""brand class"", 0.10057740552306538], [""new class"", 0.06163134096379002], [""new"", 0.04163323344421661], [""brand"", 0.03710012178243916], [""new brand"", 0.02815659012464498], [""luxury"", 0.02515660935399771], [""customers"", 0.018822679586302852], [""car"", 0.017130862171353598], [""class brand"", 0.015160714897487597]]"
best_balance,35,"amg, brand amg, wheel, performance, gt, amg model, steering, steering wheel, sl, buttons","[[""amg"", 0.14846557823414874], [""brand amg"", 0.04081198837293951], [""wheel"", 0.025687653066801], [""performance"", 0.022601074339019624], [""gt"", 0.021914103514961144], [""amg model"", 0.021252020072169354], [""steering"", 0.020118969955817943], [""steering wheel"", 0.02010606192928849], [""sl"", 0.019947277718293476], [""buttons"", 0.018734094054349195]]"
best_balance,36,"co2, climate, emissions, zero, climate change, future, sustainable, environment, want, change","[[""co2"", 0.05898321989820923], [""climate"", 0.045259230002908664], [""emissions"", 0.03527122641613855], [""zero"", 0.03407848629500819], [""climate change"", 0.027168414725891887], [""future"", 0.027137362638816647], [""sustainable"", 0.026255907079218252], [""environment"", 0.025305539192438036], [""want"", 0.02475441825383188], [""change"", 0.02410028382633782]]"
best_balance,37,"mode, sport, mode comfort, comfort mode, tnga, comfort, drive, power, sport plus, sport mode","[[""mode"", 0.07791838540735534], [""sport"", 0.05347666319442352], [""mode comfort"", 0.044392926574442146], [""comfort mode"", 0.04307591509891644], [""tnga"", 0.0408064685253856], [""comfort"", 0.03925135973556999], [""drive"", 0.027978018763420053], [""power"", 0.02345215195624544], [""sport plus"", 0.02297802783020973], [""sport mode"", 0.021911528099529076]]"
best_balance,38,"stage, join, invite, thank, photo, photographers, like invite, mr, photos, gentlemen","[[""stage"", 0.07529396531084619], [""join"", 0.07104781914147539], [""invite"", 0.067920512201637], [""thank"", 0.0656483250811444], [""photo"", 0.05029453806836844], [""photographers"", 0.04547962480355849], [""like invite"", 0.03380464697305744], [""mr"", 0.03368087940519019], [""photos"", 0.03352919752936854], [""gentlemen"", 0.02868347723556048]]"
best_balance,39,"sports car, sports, brand, electric, design, car, model, electric crossover, brand model, crossover","[[""sports car"", 0.049590103928855385], [""sports"", 0.045737773931163336], [""brand"", 0.03514506232439848], [""electric"", 0.0320727967394211], [""design"", 0.027458977148558085], [""car"", 0.024970733544790076], [""model"", 0.02456412827550993], [""electric crossover"", 0.024425162068091488], [""brand model"", 0.02317976819621764], [""crossover"", 0.022264411533619494]]"
