topic,keywords,representative_snippets,prompt_hash,prompt_system,prompt_user,prompt_json
0,"car, driving, steering, drive, air, suspension, vehicle, cars, rear, road",Well it's a pleasure to drive a car which drives itself because you can relax while driving. || And I want to have cars that reinvigorate that love of driving. || This is kind of a culmination of several years of this car being built. || This is completely new in the RS Q8 and this also gives the car this changeable character from driving really sporty to driving really comfortable and this is reflected in our suspension offer as well. || So we have in the RS Q8 a standard air suspension and this allows the customer to adapt the car to the surface and the driving style. || It is a challenge to make a real RS out of this huge body style and huge car but in the end we were trying to do so and we successfully did.,bf0eb29cd2a4f69a,"You label BERTopic topics for an electric vehicle research corpus. Return one concise English topic label, 2 to 6 words. Prefer EV meaning when present. Do not explain.","Topic ID: 0
Keywords: car, driving, steering, drive, air, suspension, vehicle, cars, rear, road
Representative snippets:
- Well it's a pleasure to drive a car which drives itself because you can relax while driving.
- And I want to have cars that reinvigorate that love of driving.
- This is kind of a culmination of several years of this car being built.
- This is completely new in the RS Q8 and this also gives the car this changeable character from driving really sporty to driving really comfortable and this is reflected in our suspension offer as well.
- So we have in the RS Q8 a standard air suspension and this allows the customer to adapt the car to the surface and the driving style.
- It is a challenge to make a real RS out of this huge body style and huge car but in the end we were trying to do so and we successfully did.

Topic label:","[{""role"": ""system"", ""content"": ""You label BERTopic topics for an electric vehicle research corpus. Return one concise English topic label, 2 to 6 words. Prefer EV meaning when present. Do not explain.""}, {""role"": ""user"", ""content"": ""Topic ID: 0\nKeywords: car, driving, steering, drive, air, suspension, vehicle, cars, rear, road\nRepresentative snippets:\n- Well it's a pleasure to drive a car which drives itself because you can relax while driving.\n- And I want to have cars that reinvigorate that love of driving.\n- This is kind of a culmination of several years of this car being built.\n- This is completely new in the RS Q8 and this also gives the car this changeable character from driving really sporty to driving really comfortable and this is reflected in our suspension offer as well.\n- So we have in the RS Q8 a standard air suspension and this allows the customer to adapt the car to the surface and the driving style.\n- It is a challenge to make a real RS out of this huge body style and huge car but in the end we were trying to do so and we successfully did.\n\nTopic label:""}]"
1,"design, world, new, designers, need, product, future, happy, bit, sure","Well, I know what we need you to do, and I'm here to make sure you see why. || And that's a little bit what I want to tell you here today. || to make good products and therefore also I don't like also that you know when people are always saying yeah but it was my design and I say hey don't worry you know we are looking for the best result and everybody is inspiring. || And if you have any questions at all feel free to give us a call right here and we'll get those questions answered for you. || But this is not going to be a one-way communication. No, we want to engage in a dialogue with you. || Together, we're all All available after the presentation for your Q&As.",4f4e1763123e2618,"You label BERTopic topics for an electric vehicle research corpus. Return one concise English topic label, 2 to 6 words. Prefer EV meaning when present. Do not explain.","Topic ID: 1
Keywords: design, world, new, designers, need, product, future, happy, bit, sure
Representative snippets:
- Well, I know what we need you to do, and I'm here to make sure you see why.
- And that's a little bit what I want to tell you here today.
- to make good products and therefore also I don't like also that you know when people are always saying yeah but it was my design and I say hey don't worry you know we are looking for the best result and everybody is inspiring.
- And if you have any questions at all feel free to give us a call right here and we'll get those questions answered for you.
- But this is not going to be a one-way communication. No, we want to engage in a dialogue with you.
- Together, we're all All available after the presentation for your Q&As.

Topic label:","[{""role"": ""system"", ""content"": ""You label BERTopic topics for an electric vehicle research corpus. Return one concise English topic label, 2 to 6 words. Prefer EV meaning when present. Do not explain.""}, {""role"": ""user"", ""content"": ""Topic ID: 1\nKeywords: design, world, new, designers, need, product, future, happy, bit, sure\nRepresentative snippets:\n- Well, I know what we need you to do, and I'm here to make sure you see why.\n- And that's a little bit what I want to tell you here today.\n- to make good products and therefore also I don't like also that you know when people are always saying yeah but it was my design and I say hey don't worry you know we are looking for the best result and everybody is inspiring.\n- And if you have any questions at all feel free to give us a call right here and we'll get those questions answered for you.\n- But this is not going to be a one-way communication. No, we want to engage in a dialogue with you.\n- Together, we're all All available after the presentation for your Q&As.\n\nTopic label:""}]"
2,"display, key, android, digital, screen, apple, carplay, navigation, apple carplay, android auto","Its feature-laden console centers around an audio multimedia system with standard compatibility for Apple CarPlay, which connects drivers to Apple Music, Maps, Messages, and other favorite apps from your iPhone. || Featuring an 8-inch or a newly available 10.5-inch touchscreen, it includes standard wireless compatibility for Apple CarPlay, which connects drivers to the apps on their iPhone, including maps, messages, podcasts, and music subscriptions. || Next, Android Auto compatibility makes it easy for Android users to stay connected to Android devices, while Amazon Alexa connectivity keeps Amazon's digital assistant just a question away. || So to use the kick to open function you're going to make sure that the vehicle is locked and once it is locked you're going to have the key on your person. || You're going to kick underneath the bumper and immediately back up and the hatch will open up for you. || And as with all of our SUVs you can reset the height for the tailgate as well and whenever you're done doing that you can just kick underneath the bumper again and it'll close for you.",5118fbfcdba7d395,"You label BERTopic topics for an electric vehicle research corpus. Return one concise English topic label, 2 to 6 words. Prefer EV meaning when present. Do not explain.","Topic ID: 2
Keywords: display, key, android, digital, screen, apple, carplay, navigation, apple carplay, android auto
Representative snippets:
- Its feature-laden console centers around an audio multimedia system with standard compatibility for Apple CarPlay, which connects drivers to Apple Music, Maps, Messages, and other favorite apps from your iPhone.
- Featuring an 8-inch or a newly available 10.5-inch touchscreen, it includes standard wireless compatibility for Apple CarPlay, which connects drivers to the apps on their iPhone, including maps, messages, podcasts, and music subscriptions.
- Next, Android Auto compatibility makes it easy for Android users to stay connected to Android devices, while Amazon Alexa connectivity keeps Amazon's digital assistant just a question away.
- So to use the kick to open function you're going to make sure that the vehicle is locked and once it is locked you're going to have the key on your person.
- You're going to kick underneath the bumper and immediately back up and the hatch will open up for you.
- And as with all of our SUVs you can reset the height for the tailgate as well and whenever you're done doing that you can just kick underneath the bumper again and it'll close for you.

Topic label:","[{""role"": ""system"", ""content"": ""You label BERTopic topics for an electric vehicle research corpus. Return one concise English topic label, 2 to 6 words. Prefer EV meaning when present. Do not explain.""}, {""role"": ""user"", ""content"": ""Topic ID: 2\nKeywords: display, key, android, digital, screen, apple, carplay, navigation, apple carplay, android auto\nRepresentative snippets:\n- Its feature-laden console centers around an audio multimedia system with standard compatibility for Apple CarPlay, which connects drivers to Apple Music, Maps, Messages, and other favorite apps from your iPhone.\n- Featuring an 8-inch or a newly available 10.5-inch touchscreen, it includes standard wireless compatibility for Apple CarPlay, which connects drivers to the apps on their iPhone, including maps, messages, podcasts, and music subscriptions.\n- Next, Android Auto compatibility makes it easy for Android users to stay connected to Android devices, while Amazon Alexa connectivity keeps Amazon's digital assistant just a question away.\n- So to use the kick to open function you're going to make sure that the vehicle is locked and once it is locked you're going to have the key on your person.\n- You're going to kick underneath the bumper and immediately back up and the hatch will open up for you.\n- And as with all of our SUVs you can reset the height for the tailgate as well and whenever you're done doing that you can just kick underneath the bumper again and it'll close for you.\n\nTopic label:""}]"
3,"seats, interior, seat, heated, space, leather, rear, rear seats, materials, comfortable","Features like standard heated front seats, available ventilated front seats, an available heated steering wheel, and available heated rear outboard seats keep occupants comfortable regardless of the weather conditions. || I like it a lot. And also the seats are new, right? || Plus, features like available SofTex-trimmed heated and ventilated front seats, unavailable 8-way power adjustable driver seat, and available heated rear seats maximize comfort for all occupants, particularly on long trips. || You can slide your finger up and down to get the temp a little bit faster and the same thing goes for your fan speed there as well. || First time ever in the RS Q8 we offer our typical known RS super sport seats with the honeycomb stitching for the first time with the massage and the cooling function. || Christian any changes here and what what's the the volume we can offer the volume says Christian has remained unchanged and depending on whether you've got the rear seat folded down or not we can offer anything between 550 liters all the way up to 1,500 liters in trunk capacity with the rear seats folded down I'd just like to mention we've got the rear seat bench plus that can be adjusted quite to your needs and you can",7489630eb6695e3a,"You label BERTopic topics for an electric vehicle research corpus. Return one concise English topic label, 2 to 6 words. Prefer EV meaning when present. Do not explain.","Topic ID: 3
Keywords: seats, interior, seat, heated, space, leather, rear, rear seats, materials, comfortable
Representative snippets:
- Features like standard heated front seats, available ventilated front seats, an available heated steering wheel, and available heated rear outboard seats keep occupants comfortable regardless of the weather conditions.
- I like it a lot. And also the seats are new, right?
- Plus, features like available SofTex-trimmed heated and ventilated front seats, unavailable 8-way power adjustable driver seat, and available heated rear seats maximize comfort for all occupants, particularly on long trips.
- You can slide your finger up and down to get the temp a little bit faster and the same thing goes for your fan speed there as well.
- First time ever in the RS Q8 we offer our typical known RS super sport seats with the honeycomb stitching for the first time with the massage and the cooling function.
- Christian any changes here and what what's the the volume we can offer the volume says Christian has remained unchanged and depending on whether you've got the rear seat folded down or not we can offer anything between 550 liters all the way up to 1,500 liters in trunk capacity with the rear seats folded down I'd just like to mention we've got the rear seat bench plus that can be adjusted quite to your needs and you 

Topic label:","[{""role"": ""system"", ""content"": ""You label BERTopic topics for an electric vehicle research corpus. Return one concise English topic label, 2 to 6 words. Prefer EV meaning when present. Do not explain.""}, {""role"": ""user"", ""content"": ""Topic ID: 3\nKeywords: seats, interior, seat, heated, space, leather, rear, rear seats, materials, comfortable\nRepresentative snippets:\n- Features like standard heated front seats, available ventilated front seats, an available heated steering wheel, and available heated rear outboard seats keep occupants comfortable regardless of the weather conditions.\n- I like it a lot. And also the seats are new, right?\n- Plus, features like available SofTex-trimmed heated and ventilated front seats, unavailable 8-way power adjustable driver seat, and available heated rear seats maximize comfort for all occupants, particularly on long trips.\n- You can slide your finger up and down to get the temp a little bit faster and the same thing goes for your fan speed there as well.\n- First time ever in the RS Q8 we offer our typical known RS super sport seats with the honeycomb stitching for the first time with the massage and the cooling function.\n- Christian any changes here and what what's the the volume we can offer the volume says Christian has remained unchanged and depending on whether you've got the rear seat folded down or not we can offer anything between 550 liters all the way up to 1,500 liters in trunk capacity with the rear seats folded down I'd just like to mention we've got the rear seat bench plus that can be adjusted quite to your needs and you \n\nTopic label:""}]"
4,"horsepower, torque, drive, hybrid, engine, electric, range, battery, motor, power","Powered by the fifth-generation Toyota Hybrid System, this Plug-in Hybrid powertrain produces 220 net combined horsepower with a two-liter engine, two electric motors, and a newly developed lithium-ion battery with greater capacity than prior generations. || This particular engine is a 1.5 liter turbocharged three-cylinder when combined with a big traction motor puts out 536 horsepower and 550 pound-feet of torque. || Both trims offer plenty of power and torque. The Limited rear-wheel drive gets 225 horsepower with 258 pound-feet of torque, while the all-wheel drive for either the XRT or Limited gives you 320 horsepower with 446 pound-feet of torque. || We want to, of course, ensure these performance figures. We implemented a V8 4-liter bi-turbo engine. || we have actually the engine from the Lamborghini Urus and we have a bigger transmission with massive 800 Nm of torque and with this power output we are able to accelerate the car from 0 to 100 kmph in less than 4 seconds. || Now, I guess we have not yet said a word about engines.",0323ede9f15ed801,"You label BERTopic topics for an electric vehicle research corpus. Return one concise English topic label, 2 to 6 words. Prefer EV meaning when present. Do not explain.","Topic ID: 4
Keywords: horsepower, torque, drive, hybrid, engine, electric, range, battery, motor, power
Representative snippets:
- Powered by the fifth-generation Toyota Hybrid System, this Plug-in Hybrid powertrain produces 220 net combined horsepower with a two-liter engine, two electric motors, and a newly developed lithium-ion battery with greater capacity than prior generations.
- This particular engine is a 1.5 liter turbocharged three-cylinder when combined with a big traction motor puts out 536 horsepower and 550 pound-feet of torque.
- Both trims offer plenty of power and torque. The Limited rear-wheel drive gets 225 horsepower with 258 pound-feet of torque, while the all-wheel drive for either the XRT or Limited gives you 320 horsepower with 446 pound-feet of torque.
- We want to, of course, ensure these performance figures. We implemented a V8 4-liter bi-turbo engine.
- we have actually the engine from the Lamborghini Urus and we have a bigger transmission with massive 800 Nm of torque and with this power output we are able to accelerate the car from 0 to 100 kmph in less than 4 seconds.
- Now, I guess we have not yet said a word about engines.

Topic label:","[{""role"": ""system"", ""content"": ""You label BERTopic topics for an electric vehicle research corpus. Return one concise English topic label, 2 to 6 words. Prefer EV meaning when present. Do not explain.""}, {""role"": ""user"", ""content"": ""Topic ID: 4\nKeywords: horsepower, torque, drive, hybrid, engine, electric, range, battery, motor, power\nRepresentative snippets:\n- Powered by the fifth-generation Toyota Hybrid System, this Plug-in Hybrid powertrain produces 220 net combined horsepower with a two-liter engine, two electric motors, and a newly developed lithium-ion battery with greater capacity than prior generations.\n- This particular engine is a 1.5 liter turbocharged three-cylinder when combined with a big traction motor puts out 536 horsepower and 550 pound-feet of torque.\n- Both trims offer plenty of power and torque. The Limited rear-wheel drive gets 225 horsepower with 258 pound-feet of torque, while the all-wheel drive for either the XRT or Limited gives you 320 horsepower with 446 pound-feet of torque.\n- We want to, of course, ensure these performance figures. We implemented a V8 4-liter bi-turbo engine.\n- we have actually the engine from the Lamborghini Urus and we have a bigger transmission with massive 800 Nm of torque and with this power output we are able to accelerate the car from 0 to 100 kmph in less than 4 seconds.\n- Now, I guess we have not yet said a word about engines.\n\nTopic label:""}]"
5,"charging, charge, level, charger, battery, fast, dc, minutes, stations, fast charging","Use the MyMazda app to sort public charging stations by Level 2 and DC fast charging stations so you can easily find the right station for your Mazda electrified vehicle. || If you choose to charge your Mazda plug-in hybrid at a public charging station, it is important to know that public chargers are available for both Level 2 and Level 3 DC fast charging. || So I see all the charging stations here. I know where to charge based off that. || The ability to get a full tank or charge right at home is a feature where we'll one day think, wait, we used to regularly drive somewhere else for this? || Weird. and there are many home charging options to fit your needs. || But how do we ensure that you can actually get there? Public high-speed charging has finally matured to the point where major corridors in the U.S. are now covered, and the infrastructure continues to grow.",9f4f0ac5bf303964,"You label BERTopic topics for an electric vehicle research corpus. Return one concise English topic label, 2 to 6 words. Prefer EV meaning when present. Do not explain.","Topic ID: 5
Keywords: charging, charge, level, charger, battery, fast, dc, minutes, stations, fast charging
Representative snippets:
- Use the MyMazda app to sort public charging stations by Level 2 and DC fast charging stations so you can easily find the right station for your Mazda electrified vehicle.
- If you choose to charge your Mazda plug-in hybrid at a public charging station, it is important to know that public chargers are available for both Level 2 and Level 3 DC fast charging.
- So I see all the charging stations here. I know where to charge based off that.
- The ability to get a full tank or charge right at home is a feature where we'll one day think, wait, we used to regularly drive somewhere else for this?
- Weird. and there are many home charging options to fit your needs.
- But how do we ensure that you can actually get there? Public high-speed charging has finally matured to the point where major corridors in the U.S. are now covered, and the infrastructure continues to grow.

Topic label:","[{""role"": ""system"", ""content"": ""You label BERTopic topics for an electric vehicle research corpus. Return one concise English topic label, 2 to 6 words. Prefer EV meaning when present. Do not explain.""}, {""role"": ""user"", ""content"": ""Topic ID: 5\nKeywords: charging, charge, level, charger, battery, fast, dc, minutes, stations, fast charging\nRepresentative snippets:\n- Use the MyMazda app to sort public charging stations by Level 2 and DC fast charging stations so you can easily find the right station for your Mazda electrified vehicle.\n- If you choose to charge your Mazda plug-in hybrid at a public charging station, it is important to know that public chargers are available for both Level 2 and Level 3 DC fast charging.\n- So I see all the charging stations here. I know where to charge based off that.\n- The ability to get a full tank or charge right at home is a feature where we'll one day think, wait, we used to regularly drive somewhere else for this?\n- Weird. and there are many home charging options to fit your needs.\n- But how do we ensure that you can actually get there? Public high-speed charging has finally matured to the point where major corridors in the U.S. are now covered, and the infrastructure continues to grow.\n\nTopic label:""}]"
6,"led, black, grille, rear, headlights, lights, light, design, lighting, look","You'll see a new lower profile cascading grille with a more pronounced horizontal separation between the upper and lower grille, standard dual LED projector headlights that more seamlessly integrate into the overall design, and standard LED daytime running lights all combining for a sleeker, more modern appearance. || Regardless of grade, though, all Camry models offer standard LED daytime running lights and LED tail lights, as well as available LED headlights with black accents that help drivers not just see, but be seen. || Regardless of grade, all models also feature standard LED exterior lighting, including headlights, tail lights, and daytime running lights. || One new addition is going to be the dynamic matrix design LED headlights. || There's also going to be a laser headlight option available. Now this vehicle is equipped with the black optic package so the surround of the hexagonal single frame grille is going to be blacked out along with the roof rails as well. || If you think about Audi Light we've been introducing innovation constantly, actually thinking out of the box and we thought with digitalization it's time to design out of the box.",ade4b02b5675c129,"You label BERTopic topics for an electric vehicle research corpus. Return one concise English topic label, 2 to 6 words. Prefer EV meaning when present. Do not explain.","Topic ID: 6
Keywords: led, black, grille, rear, headlights, lights, light, design, lighting, look
Representative snippets:
- You'll see a new lower profile cascading grille with a more pronounced horizontal separation between the upper and lower grille, standard dual LED projector headlights that more seamlessly integrate into the overall design, and standard LED daytime running lights all combining for a sleeker, more modern appearance.
- Regardless of grade, though, all Camry models offer standard LED daytime running lights and LED tail lights, as well as available LED headlights with black accents that help drivers not just see, but be seen.
- Regardless of grade, all models also feature standard LED exterior lighting, including headlights, tail lights, and daytime running lights.
- One new addition is going to be the dynamic matrix design LED headlights.
- There's also going to be a laser headlight option available. Now this vehicle is equipped with the black optic package so the surround of the hexagonal single frame grille is going to be blacked out along with the roof rails as well.
- If you think about Audi Light we've been introducing innovation constantly, actually thinking out of the box and we thought with digitalization it's time to design out of the box.

Topic label:","[{""role"": ""system"", ""content"": ""You label BERTopic topics for an electric vehicle research corpus. Return one concise English topic label, 2 to 6 words. Prefer EV meaning when present. Do not explain.""}, {""role"": ""user"", ""content"": ""Topic ID: 6\nKeywords: led, black, grille, rear, headlights, lights, light, design, lighting, look\nRepresentative snippets:\n- You'll see a new lower profile cascading grille with a more pronounced horizontal separation between the upper and lower grille, standard dual LED projector headlights that more seamlessly integrate into the overall design, and standard LED daytime running lights all combining for a sleeker, more modern appearance.\n- Regardless of grade, though, all Camry models offer standard LED daytime running lights and LED tail lights, as well as available LED headlights with black accents that help drivers not just see, but be seen.\n- Regardless of grade, all models also feature standard LED exterior lighting, including headlights, tail lights, and daytime running lights.\n- One new addition is going to be the dynamic matrix design LED headlights.\n- There's also going to be a laser headlight option available. Now this vehicle is equipped with the black optic package so the surround of the hexagonal single frame grille is going to be blacked out along with the roof rails as well.\n- If you think about Audi Light we've been introducing innovation constantly, actually thinking out of the box and we thought with digitalization it's time to design out of the box.\n\nTopic label:""}]"
7,"bmw, series, bmw series, new bmw, grand tour, tour, grand, new, i5, i4","One day driving a BMW, one day working at BMW, one day developing a BMW of the future. || This is what the BMW 5 Series is all about. This is the new BMW 5 Series. || So now, please enjoy the Grand Tour! Thank you for joining us for the world premiere of the new BMW 5 Series and the new BMW 6 Series. || I'll just show you here by entering a navigation command. So I'm saying, take me to Munich into a Leopold Strazer 25. || And if you are on a longer trip, like in this case to Munich, you sometimes have human needs cropping up. || and welcome for the next big product news from BMW and BMW i.",870b4de7881a737e,"You label BERTopic topics for an electric vehicle research corpus. Return one concise English topic label, 2 to 6 words. Prefer EV meaning when present. Do not explain.","Topic ID: 7
Keywords: bmw, series, bmw series, new bmw, grand tour, tour, grand, new, i5, i4
Representative snippets:
- One day driving a BMW, one day working at BMW, one day developing a BMW of the future.
- This is what the BMW 5 Series is all about. This is the new BMW 5 Series.
- So now, please enjoy the Grand Tour! Thank you for joining us for the world premiere of the new BMW 5 Series and the new BMW 6 Series.
- I'll just show you here by entering a navigation command. So I'm saying, take me to Munich into a Leopold Strazer 25.
- And if you are on a longer trip, like in this case to Munich, you sometimes have human needs cropping up.
- and welcome for the next big product news from BMW and BMW i.

Topic label:","[{""role"": ""system"", ""content"": ""You label BERTopic topics for an electric vehicle research corpus. Return one concise English topic label, 2 to 6 words. Prefer EV meaning when present. Do not explain.""}, {""role"": ""user"", ""content"": ""Topic ID: 7\nKeywords: bmw, series, bmw series, new bmw, grand tour, tour, grand, new, i5, i4\nRepresentative snippets:\n- One day driving a BMW, one day working at BMW, one day developing a BMW of the future.\n- This is what the BMW 5 Series is all about. This is the new BMW 5 Series.\n- So now, please enjoy the Grand Tour! Thank you for joining us for the world premiere of the new BMW 5 Series and the new BMW 6 Series.\n- I'll just show you here by entering a navigation command. So I'm saying, take me to Munich into a Leopold Strazer 25.\n- And if you are on a longer trip, like in this case to Munich, you sometimes have human needs cropping up.\n- and welcome for the next big product news from BMW and BMW i.\n\nTopic label:""}]"
8,"assist, parking, monitor, lane, view, spot, blind spot, blind, alert, traffic","Plus, driver assistance features like the standard Blind Spot Monitor with Rear Cross-Traffic Alert and Safe Exit Alert brings added convenience behind the wheel, while available technologies like the front and rear parking assist with automatic braking and the panoramic view monitor help enhance driver confidence when maneuvering in tight spaces. || Additionally, the available Blind Spot Monitor with Rear Cross-Traffic Alert is designed to help warn drivers of vehicles in the lanes next to them, while the available Front and Rear Parking Assist with Automatic Braking and Panoramic View Monitor are designed to help drivers maneuver around tight spaces. || Additionally, the standard Blind Spot Monitor with Rear Cross Traffic Alert and Safe Exit Alert are designed to help warn drivers if a vehicle has entered a blind spot, while the available Front and Rear Parking Assist with Automatic Braking and Panoramic View Monitor are designed to help drivers maneuver in tight spaces. || In this particular case, if you're somebody, you've got a closed lane in a construction site. || You can see from that symbol to the top left there. Parking information will now also indicate the probability of finding a parking space along the road. || It will show the driver the remaining time until the next green phase if he's waiting, for example, at a red traffic light.",023e79ab92272007,"You label BERTopic topics for an electric vehicle research corpus. Return one concise English topic label, 2 to 6 words. Prefer EV meaning when present. Do not explain.","Topic ID: 8
Keywords: assist, parking, monitor, lane, view, spot, blind spot, blind, alert, traffic
Representative snippets:
- Plus, driver assistance features like the standard Blind Spot Monitor with Rear Cross-Traffic Alert and Safe Exit Alert brings added convenience behind the wheel, while available technologies like the front and rear parking assist with automatic braking and the panoramic view monitor help enhance driver confidence when maneuvering in tight spaces.
- Additionally, the available Blind Spot Monitor with Rear Cross-Traffic Alert is designed to help warn drivers of vehicles in the lanes next to them, while the available Front and Rear Parking Assist with Automatic Braking and Panoramic View Monitor are designed to help drivers maneuver around tight spaces.
- Additionally, the standard Blind Spot Monitor with Rear Cross Traffic Alert and Safe Exit Alert are designed to help warn drivers if a vehicle has entered a blind spot, while the available Front and Rear Parking Assist with Automatic Braking and Panoramic View Monitor are designed to help drivers maneuver in tight spaces.
- In this particular case, if you're somebody, you've got a closed lane in a construction site.
- You can see from that symbol to the top left there. Parking information will now also indicate the probability of finding a parking space along the road.
- It will show the driver the remaining time until the next green phase if he's waiting, for example, at a red traffic light.

Topic label:","[{""role"": ""system"", ""content"": ""You label BERTopic topics for an electric vehicle research corpus. Return one concise English topic label, 2 to 6 words. Prefer EV meaning when present. Do not explain.""}, {""role"": ""user"", ""content"": ""Topic ID: 8\nKeywords: assist, parking, monitor, lane, view, spot, blind spot, blind, alert, traffic\nRepresentative snippets:\n- Plus, driver assistance features like the standard Blind Spot Monitor with Rear Cross-Traffic Alert and Safe Exit Alert brings added convenience behind the wheel, while available technologies like the front and rear parking assist with automatic braking and the panoramic view monitor help enhance driver confidence when maneuvering in tight spaces.\n- Additionally, the available Blind Spot Monitor with Rear Cross-Traffic Alert is designed to help warn drivers of vehicles in the lanes next to them, while the available Front and Rear Parking Assist with Automatic Braking and Panoramic View Monitor are designed to help drivers maneuver around tight spaces.\n- Additionally, the standard Blind Spot Monitor with Rear Cross Traffic Alert and Safe Exit Alert are designed to help warn drivers if a vehicle has entered a blind spot, while the available Front and Rear Parking Assist with Automatic Braking and Panoramic View Monitor are designed to help drivers maneuver in tight spaces.\n- In this particular case, if you're somebody, you've got a closed lane in a construction site.\n- You can see from that symbol to the top left there. Parking information will now also indicate the probability of finding a parking space along the road.\n- It will show the driver the remaining time until the next green phase if he's waiting, for example, at a red traffic light.\n\nTopic label:""}]"
9,"electric, ev, bolt, vehicles, bolt ev, euv, bolt euv, electric vehicles, cars, evs","We really appreciate it. There really are a lot of benefits to owning the Bolt EV or the Bolt EUV, both expected and unexpected. || So to start us off, you literally brake every time you're in any car, but here on the Bolt EUV and on the Bolt EV, there's something a little different going on. || And the best part about it is between the Bolt EUV or Bolt EV and the My Chevrolet app, it does all the hard work for me. || The decision to name it just e-tron was to demonstrate how important EV was to our future. || While the benefits of EV ownership can be found all around, sometimes it's the simple things that make the biggest daily impact, like preconditioning. || That only begins to tell the story of why EV ownership is simply better, and the reasons extend everywhere.",4c560abe4bb53052,"You label BERTopic topics for an electric vehicle research corpus. Return one concise English topic label, 2 to 6 words. Prefer EV meaning when present. Do not explain.","Topic ID: 9
Keywords: electric, ev, bolt, vehicles, bolt ev, euv, bolt euv, electric vehicles, cars, evs
Representative snippets:
- We really appreciate it. There really are a lot of benefits to owning the Bolt EV or the Bolt EUV, both expected and unexpected.
- So to start us off, you literally brake every time you're in any car, but here on the Bolt EUV and on the Bolt EV, there's something a little different going on.
- And the best part about it is between the Bolt EUV or Bolt EV and the My Chevrolet app, it does all the hard work for me.
- The decision to name it just e-tron was to demonstrate how important EV was to our future.
- While the benefits of EV ownership can be found all around, sometimes it's the simple things that make the biggest daily impact, like preconditioning.
- That only begins to tell the story of why EV ownership is simply better, and the reasons extend everywhere.

Topic label:","[{""role"": ""system"", ""content"": ""You label BERTopic topics for an electric vehicle research corpus. Return one concise English topic label, 2 to 6 words. Prefer EV meaning when present. Do not explain.""}, {""role"": ""user"", ""content"": ""Topic ID: 9\nKeywords: electric, ev, bolt, vehicles, bolt ev, euv, bolt euv, electric vehicles, cars, evs\nRepresentative snippets:\n- We really appreciate it. There really are a lot of benefits to owning the Bolt EV or the Bolt EUV, both expected and unexpected.\n- So to start us off, you literally brake every time you're in any car, but here on the Bolt EUV and on the Bolt EV, there's something a little different going on.\n- And the best part about it is between the Bolt EUV or Bolt EV and the My Chevrolet app, it does all the hard work for me.\n- The decision to name it just e-tron was to demonstrate how important EV was to our future.\n- While the benefits of EV ownership can be found all around, sometimes it's the simple things that make the biggest daily impact, like preconditioning.\n- That only begins to tell the story of why EV ownership is simply better, and the reasons extend everywhere.\n\nTopic label:""}]"
10,"kia, ev6, ev, india, ev9, new kia, new, hyundai, ev4, customers","EV6 is more than just a new electric vehicle from Kia. It's a messenger for this brand's future. || When you drive an EV6, you will not just be driving one of Kia's most inventive designs. || We truly believe that the Kia EV6 is an embodiment of the new Kia. || And I can tell you, all model variants will meet the Euro 6D emission standard. || The E6 offers generous storage space with 580 liters of storage capacity. || The E6 also features a Dragonheart center console control panel, which allows the driver to operate the vehicle without taking their eyes off the road, improving safety.",0f8fff5db9ed6a86,"You label BERTopic topics for an electric vehicle research corpus. Return one concise English topic label, 2 to 6 words. Prefer EV meaning when present. Do not explain.","Topic ID: 10
Keywords: kia, ev6, ev, india, ev9, new kia, new, hyundai, ev4, customers
Representative snippets:
- EV6 is more than just a new electric vehicle from Kia. It's a messenger for this brand's future.
- When you drive an EV6, you will not just be driving one of Kia's most inventive designs.
- We truly believe that the Kia EV6 is an embodiment of the new Kia.
- And I can tell you, all model variants will meet the Euro 6D emission standard.
- The E6 offers generous storage space with 580 liters of storage capacity.
- The E6 also features a Dragonheart center console control panel, which allows the driver to operate the vehicle without taking their eyes off the road, improving safety.

Topic label:","[{""role"": ""system"", ""content"": ""You label BERTopic topics for an electric vehicle research corpus. Return one concise English topic label, 2 to 6 words. Prefer EV meaning when present. Do not explain.""}, {""role"": ""user"", ""content"": ""Topic ID: 10\nKeywords: kia, ev6, ev, india, ev9, new kia, new, hyundai, ev4, customers\nRepresentative snippets:\n- EV6 is more than just a new electric vehicle from Kia. It's a messenger for this brand's future.\n- When you drive an EV6, you will not just be driving one of Kia's most inventive designs.\n- We truly believe that the Kia EV6 is an embodiment of the new Kia.\n- And I can tell you, all model variants will meet the Euro 6D emission standard.\n- The E6 offers generous storage space with 580 liters of storage capacity.\n- The E6 also features a Dragonheart center console control panel, which allows the driver to operate the vehicle without taking their eyes off the road, improving safety.\n\nTopic label:""}]"
11,"amg, eqs, eqe, mercedes, gt, eq, sl, new, new eqs, amg gt","The Mercedes-AMG EQS is a new vision for the future of high performance and embodies the motorsports heritage of AMG while delivering a rush of all-electric excitement. || Yeah, the AMG EQS, it's an absolute blast. We've got 749 horsepower from the first production electric AMG ever made. || I'm about to spend the day with the new EQS by Mercedes EQ. || The e-tron GT interior is defined by two aspects, sportiness and also comfort. || I did many cars with my team but the e-tron GT is by far the most attractive car I designed in my career. || This highly emotional coupe is set to delight customers who desire progressive design combined with advanced driving performance.",c6f7cf787048e77b,"You label BERTopic topics for an electric vehicle research corpus. Return one concise English topic label, 2 to 6 words. Prefer EV meaning when present. Do not explain.","Topic ID: 11
Keywords: amg, eqs, eqe, mercedes, gt, eq, sl, new, new eqs, amg gt
Representative snippets:
- The Mercedes-AMG EQS is a new vision for the future of high performance and embodies the motorsports heritage of AMG while delivering a rush of all-electric excitement.
- Yeah, the AMG EQS, it's an absolute blast. We've got 749 horsepower from the first production electric AMG ever made.
- I'm about to spend the day with the new EQS by Mercedes EQ.
- The e-tron GT interior is defined by two aspects, sportiness and also comfort.
- I did many cars with my team but the e-tron GT is by far the most attractive car I designed in my career.
- This highly emotional coupe is set to delight customers who desire progressive design combined with advanced driving performance.

Topic label:","[{""role"": ""system"", ""content"": ""You label BERTopic topics for an electric vehicle research corpus. Return one concise English topic label, 2 to 6 words. Prefer EV meaning when present. Do not explain.""}, {""role"": ""user"", ""content"": ""Topic ID: 11\nKeywords: amg, eqs, eqe, mercedes, gt, eq, sl, new, new eqs, amg gt\nRepresentative snippets:\n- The Mercedes-AMG EQS is a new vision for the future of high performance and embodies the motorsports heritage of AMG while delivering a rush of all-electric excitement.\n- Yeah, the AMG EQS, it's an absolute blast. We've got 749 horsepower from the first production electric AMG ever made.\n- I'm about to spend the day with the new EQS by Mercedes EQ.\n- The e-tron GT interior is defined by two aspects, sportiness and also comfort.\n- I did many cars with my team but the e-tron GT is by far the most attractive car I designed in my career.\n- This highly emotional coupe is set to delight customers who desire progressive design combined with advanced driving performance.\n\nTopic label:""}]"
12,"sound, audio, jbl, speaker, premium, premium audio, speakers, speaker jbl, experience, 11","For an immersive listening experience, the available 9-speaker JBL premium audio system pumps out tunes in high fidelity. || This audio multimedia experience is elevated even further by the available 11-speaker JBL premium audio system, which plays road trip playlists in high fidelity. || For an immersive listening experience, the available 11-speaker JBL Premium Audio System offers stunning clarity. || The rhythm is completely different. It's a bit like an acceleration. It's telling you you're going to feel something special. || And with the available 19 speaker Bang & Olufsen sound system, the A4 can be your own personal concert hall. || Thanks to a bigger distance to the engine, the temperature window for exhaust gas processing is extended and that means emissions can, with continuously high exhaust temperatures, for example if you drive swiftly over the motorway, can be best reduced.",29034f3a13d9122e,"You label BERTopic topics for an electric vehicle research corpus. Return one concise English topic label, 2 to 6 words. Prefer EV meaning when present. Do not explain.","Topic ID: 12
Keywords: sound, audio, jbl, speaker, premium, premium audio, speakers, speaker jbl, experience, 11
Representative snippets:
- For an immersive listening experience, the available 9-speaker JBL premium audio system pumps out tunes in high fidelity.
- This audio multimedia experience is elevated even further by the available 11-speaker JBL premium audio system, which plays road trip playlists in high fidelity.
- For an immersive listening experience, the available 11-speaker JBL Premium Audio System offers stunning clarity.
- The rhythm is completely different. It's a bit like an acceleration. It's telling you you're going to feel something special.
- And with the available 19 speaker Bang & Olufsen sound system, the A4 can be your own personal concert hall.
- Thanks to a bigger distance to the engine, the temperature window for exhaust gas processing is extended and that means emissions can, with continuously high exhaust temperatures, for example if you drive swiftly over the motorway, can be best reduced.

Topic label:","[{""role"": ""system"", ""content"": ""You label BERTopic topics for an electric vehicle research corpus. Return one concise English topic label, 2 to 6 words. Prefer EV meaning when present. Do not explain.""}, {""role"": ""user"", ""content"": ""Topic ID: 12\nKeywords: sound, audio, jbl, speaker, premium, premium audio, speakers, speaker jbl, experience, 11\nRepresentative snippets:\n- For an immersive listening experience, the available 9-speaker JBL premium audio system pumps out tunes in high fidelity.\n- This audio multimedia experience is elevated even further by the available 11-speaker JBL premium audio system, which plays road trip playlists in high fidelity.\n- For an immersive listening experience, the available 11-speaker JBL Premium Audio System offers stunning clarity.\n- The rhythm is completely different. It's a bit like an acceleration. It's telling you you're going to feel something special.\n- And with the available 19 speaker Bang & Olufsen sound system, the A4 can be your own personal concert hall.\n- Thanks to a bigger distance to the engine, the temperature window for exhaust gas processing is extended and that means emissions can, with continuously high exhaust temperatures, for example if you drive swiftly over the motorway, can be best reduced.\n\nTopic label:""}]"
13,"ioniq, hyundai, charging, new, electric, fast, ultra fast, blue link, platform, egmp","IONIQ 5 Limited has a range of 256 miles with all-wheel drive. || We are thrilled to introduce you to Hyundai's first ever IONIQ 5. || Now, IONIQ 6 is the newest member of the IONIQ family of electric vehicles, and it's built on the same electric global modular platform as our immensely popular IONIQ 5. || In 2025, the all-new Charger will also be available as a six-pack with the twin-turbo Hurricane. || And as you see, we are working on it, 30,000 fast chargers starting this year. || And wireless device charging is right here, which, Gian, is going to come in your Sonata SEL when you have the convenience package.",0b6f41d570672b0b,"You label BERTopic topics for an electric vehicle research corpus. Return one concise English topic label, 2 to 6 words. Prefer EV meaning when present. Do not explain.","Topic ID: 13
Keywords: ioniq, hyundai, charging, new, electric, fast, ultra fast, blue link, platform, egmp
Representative snippets:
- IONIQ 5 Limited has a range of 256 miles with all-wheel drive.
- We are thrilled to introduce you to Hyundai's first ever IONIQ 5.
- Now, IONIQ 6 is the newest member of the IONIQ family of electric vehicles, and it's built on the same electric global modular platform as our immensely popular IONIQ 5.
- In 2025, the all-new Charger will also be available as a six-pack with the twin-turbo Hurricane.
- And as you see, we are working on it, 30,000 fast chargers starting this year.
- And wireless device charging is right here, which, Gian, is going to come in your Sonata SEL when you have the convenience package.

Topic label:","[{""role"": ""system"", ""content"": ""You label BERTopic topics for an electric vehicle research corpus. Return one concise English topic label, 2 to 6 words. Prefer EV meaning when present. Do not explain.""}, {""role"": ""user"", ""content"": ""Topic ID: 13\nKeywords: ioniq, hyundai, charging, new, electric, fast, ultra fast, blue link, platform, egmp\nRepresentative snippets:\n- IONIQ 5 Limited has a range of 256 miles with all-wheel drive.\n- We are thrilled to introduce you to Hyundai's first ever IONIQ 5.\n- Now, IONIQ 6 is the newest member of the IONIQ family of electric vehicles, and it's built on the same electric global modular platform as our immensely popular IONIQ 5.\n- In 2025, the all-new Charger will also be available as a six-pack with the twin-turbo Hurricane.\n- And as you see, we are working on it, 30,000 fast chargers starting this year.\n- And wireless device charging is right here, which, Gian, is going to come in your Sonata SEL when you have the convenience package.\n\nTopic label:""}]"
14,"class, mercedes, benz, mercedes benz, benz class, new mercedes, new, new class, coupe, luxury","It's designed just like a love child between a Mercedes-Benz G-Class and a Mercedes-Benz GLS. || Absolutely. First of all, the Mercedes-Benz S-Class. We have the all-new Mercedes-Benz S-Class here and the Mercedes-Benz S-Class is the first model that comes to mind as a consumer when we speak of the brand of Mercedes-Benz. || Why is that so? Why is the Mercedes-Benz S-Class so special to you? || Yeah, we changed the Hofmeister kink for this car, so the coupes should look different. || so Coupe doesn't have this one. Okay. So this line this lies on the Swiss spots for technique and the design for both. || A very precise, compact coupe with amazing dimensions. When we look at the already very sporty 3 Series.",812669b3cac26546,"You label BERTopic topics for an electric vehicle research corpus. Return one concise English topic label, 2 to 6 words. Prefer EV meaning when present. Do not explain.","Topic ID: 14
Keywords: class, mercedes, benz, mercedes benz, benz class, new mercedes, new, new class, coupe, luxury
Representative snippets:
- It's designed just like a love child between a Mercedes-Benz G-Class and a Mercedes-Benz GLS.
- Absolutely. First of all, the Mercedes-Benz S-Class. We have the all-new Mercedes-Benz S-Class here and the Mercedes-Benz S-Class is the first model that comes to mind as a consumer when we speak of the brand of Mercedes-Benz.
- Why is that so? Why is the Mercedes-Benz S-Class so special to you?
- Yeah, we changed the Hofmeister kink for this car, so the coupes should look different.
- so Coupe doesn't have this one. Okay. So this line this lies on the Swiss spots for technique and the design for both.
- A very precise, compact coupe with amazing dimensions. When we look at the already very sporty 3 Series.

Topic label:","[{""role"": ""system"", ""content"": ""You label BERTopic topics for an electric vehicle research corpus. Return one concise English topic label, 2 to 6 words. Prefer EV meaning when present. Do not explain.""}, {""role"": ""user"", ""content"": ""Topic ID: 14\nKeywords: class, mercedes, benz, mercedes benz, benz class, new mercedes, new, new class, coupe, luxury\nRepresentative snippets:\n- It's designed just like a love child between a Mercedes-Benz G-Class and a Mercedes-Benz GLS.\n- Absolutely. First of all, the Mercedes-Benz S-Class. We have the all-new Mercedes-Benz S-Class here and the Mercedes-Benz S-Class is the first model that comes to mind as a consumer when we speak of the brand of Mercedes-Benz.\n- Why is that so? Why is the Mercedes-Benz S-Class so special to you?\n- Yeah, we changed the Hofmeister kink for this car, so the coupes should look different.\n- so Coupe doesn't have this one. Okay. So this line this lies on the Swiss spots for technique and the design for both.\n- A very precise, compact coupe with amazing dimensions. When we look at the already very sporty 3 Series.\n\nTopic label:""}]"
15,"elantra, sonata, accord, camry, hyundai, hybrid, sonata hybrid, new elantra, new, elantra hybrid","And the Hybrid Limited, which is the other Elantra we have here. || Now, if you like the sporty design on our Sonata Hybrid Limited, then you're going to love the even sportier design on our Sonata N-Line. || Now, speaking of trims, both Elantra and Elantra Hybrid come in a range of them. || That is a very important pillar. So I will switch to Seungmo. || Wow, you can really choose how bold you want to be when it comes to the side of the vehicle. || So the C2 becomes the Nevada. Everybody at Rimac hopes that the Navera will live up to its name.",e9020a2b01816bfb,"You label BERTopic topics for an electric vehicle research corpus. Return one concise English topic label, 2 to 6 words. Prefer EV meaning when present. Do not explain.","Topic ID: 15
Keywords: elantra, sonata, accord, camry, hyundai, hybrid, sonata hybrid, new elantra, new, elantra hybrid
Representative snippets:
- And the Hybrid Limited, which is the other Elantra we have here.
- Now, if you like the sporty design on our Sonata Hybrid Limited, then you're going to love the even sportier design on our Sonata N-Line.
- Now, speaking of trims, both Elantra and Elantra Hybrid come in a range of them.
- That is a very important pillar. So I will switch to Seungmo.
- Wow, you can really choose how bold you want to be when it comes to the side of the vehicle.
- So the C2 becomes the Nevada. Everybody at Rimac hopes that the Navera will live up to its name.

Topic label:","[{""role"": ""system"", ""content"": ""You label BERTopic topics for an electric vehicle research corpus. Return one concise English topic label, 2 to 6 words. Prefer EV meaning when present. Do not explain.""}, {""role"": ""user"", ""content"": ""Topic ID: 15\nKeywords: elantra, sonata, accord, camry, hyundai, hybrid, sonata hybrid, new elantra, new, elantra hybrid\nRepresentative snippets:\n- And the Hybrid Limited, which is the other Elantra we have here.\n- Now, if you like the sporty design on our Sonata Hybrid Limited, then you're going to love the even sportier design on our Sonata N-Line.\n- Now, speaking of trims, both Elantra and Elantra Hybrid come in a range of them.\n- That is a very important pillar. So I will switch to Seungmo.\n- Wow, you can really choose how bold you want to be when it comes to the side of the vehicle.\n- So the C2 becomes the Nevada. Everybody at Rimac hopes that the Navera will live up to its name.\n\nTopic label:""}]"
16,"corolla, safety, assist, toyota, safety sense, toyota safety, lane, sense, pre collision, detection","Every grade comes standard with Toyota Safety Sense 2.5+, which includes Pre-Collision System with Pedestrian Detection, Lane Departure Alert with Steering Assist, Automatic High Beams, Full-Speed Range Dynamic Radar Cruise Control, Lane Tracing Assist, and Road Sign Assist. || But Corolla's ingenuity reaches beyond the audio multimedia experience. Every Corolla grade comes standard with Toyota Safety Sense 3.0. which includes pre-collision system with pedestrian detection, lane departure alert with steering assist, automatic high beams, full speed range dynamic radar cruise control, lane tracing assist, road sign assist, and proactive driving assist. || Beyond comfort, Corolla's onboard technology puts a big emphasis on safety. Every Toyota Corolla comes with Toyota Safety Sense 3.0, which includes Pre-Collision System with Pedestrian Detection, Lane Departure Alert with Steering Assist, Automatic High Beams, Full-Speed Range Dynamic Radar Cruise Control, Lane Tracing Assist, Road Sign Assist, and Proactive Driving Assist. || and that goes beyond its array of 10 airbags. All 8th generation Camry models come standard with Toyota Safety Sense P, an advanced suite of active safety technologies like Pre-Collision System with Pedestrian Detection, Lane Departure Alert with Steering Assist, and more. || Camry also offers available safety features like Blind Spot Monitor with Rear Cross-Traffic Alert, as well as Intelligent Clearance Sonar with Rear Cross-Traffic Braking on XLE and XSE models. || This is the all-new 12th generation Toyota Corolla. Building on over 50 years of sales in the US, the 2020 Corolla sedan joins Corolla hatchback as one of the latest vehicles to be enhanced by the Toyota New Global Architecture, or TNGA.",3d0ad0f2b8933e03,"You label BERTopic topics for an electric vehicle research corpus. Return one concise English topic label, 2 to 6 words. Prefer EV meaning when present. Do not explain.","Topic ID: 16
Keywords: corolla, safety, assist, toyota, safety sense, toyota safety, lane, sense, pre collision, detection
Representative snippets:
- Every grade comes standard with Toyota Safety Sense 2.5+, which includes Pre-Collision System with Pedestrian Detection, Lane Departure Alert with Steering Assist, Automatic High Beams, Full-Speed Range Dynamic Radar Cruise Control, Lane Tracing Assist, and Road Sign Assist.
- But Corolla's ingenuity reaches beyond the audio multimedia experience. Every Corolla grade comes standard with Toyota Safety Sense 3.0. which includes pre-collision system with pedestrian detection, lane departure alert with steering assist, automatic high beams, full speed range dynamic radar cruise control, lane tracing assist, road sign assist, and proactive driving assist.
- Beyond comfort, Corolla's onboard technology puts a big emphasis on safety. Every Toyota Corolla comes with Toyota Safety Sense 3.0, which includes Pre-Collision System with Pedestrian Detection, Lane Departure Alert with Steering Assist, Automatic High Beams, Full-Speed Range Dynamic Radar Cruise Control, Lane Tracing Assist, Road Sign Assist, and Proactive Driving Assist.
- and that goes beyond its array of 10 airbags. All 8th generation Camry models come standard with Toyota Safety Sense P, an advanced suite of active safety technologies like Pre-Collision System with Pedestrian Detection, Lane Departure Alert with Steering Assist, and more.
- Camry also offers available safety features like Blind Spot Monitor with Rear Cross-Traffic Alert, as well as Intelligent Clearance Sonar with Rear Cross-Traffic Braking on XLE and XSE models.
- This is the all-new 12th generation Toyota Corolla. Building on over 50 years of sales in the US, the 2020 Corolla sedan joins Corolla hatchback as one of the latest vehicles to be enhanced by the Toyota New Global Architecture, or TNGA.

Topic label:","[{""role"": ""system"", ""content"": ""You label BERTopic topics for an electric vehicle research corpus. Return one concise English topic label, 2 to 6 words. Prefer EV meaning when present. Do not explain.""}, {""role"": ""user"", ""content"": ""Topic ID: 16\nKeywords: corolla, safety, assist, toyota, safety sense, toyota safety, lane, sense, pre collision, detection\nRepresentative snippets:\n- Every grade comes standard with Toyota Safety Sense 2.5+, which includes Pre-Collision System with Pedestrian Detection, Lane Departure Alert with Steering Assist, Automatic High Beams, Full-Speed Range Dynamic Radar Cruise Control, Lane Tracing Assist, and Road Sign Assist.\n- But Corolla's ingenuity reaches beyond the audio multimedia experience. Every Corolla grade comes standard with Toyota Safety Sense 3.0. which includes pre-collision system with pedestrian detection, lane departure alert with steering assist, automatic high beams, full speed range dynamic radar cruise control, lane tracing assist, road sign assist, and proactive driving assist.\n- Beyond comfort, Corolla's onboard technology puts a big emphasis on safety. Every Toyota Corolla comes with Toyota Safety Sense 3.0, which includes Pre-Collision System with Pedestrian Detection, Lane Departure Alert with Steering Assist, Automatic High Beams, Full-Speed Range Dynamic Radar Cruise Control, Lane Tracing Assist, Road Sign Assist, and Proactive Driving Assist.\n- and that goes beyond its array of 10 airbags. All 8th generation Camry models come standard with Toyota Safety Sense P, an advanced suite of active safety technologies like Pre-Collision System with Pedestrian Detection, Lane Departure Alert with Steering Assist, and more.\n- Camry also offers available safety features like Blind Spot Monitor with Rear Cross-Traffic Alert, as well as Intelligent Clearance Sonar with Rear Cross-Traffic Braking on XLE and XSE models.\n- This is the all-new 12th generation Toyota Corolla. Building on over 50 years of sales in the US, the 2020 Corolla sedan joins Corolla hatchback as one of the latest vehicles to be enhanced by the Toyota New Global Architecture, or TNGA.\n\nTopic label:""}]"
17,"prius, prius prime, prime, hybrid, toyota, connect, efficiency, plug, plug hybrid, prius plug","Add all of that together, and it's clear that Prius Prime goes above and beyond, cementing Toyota's electrification leadership. Learn more today at toyota.com slash Prius Prime. || Stay tuned to learn more about Prius Prime later in the video, but for now, let's find out more about Prius. || And it's easy to see how Prius Prime is ready to take the lead. Learn more today at toyota.com slash Prius Prime. || More than 20 years ago, the Toyota Prius changed the automotive landscape when it introduced the world to modern hybrid technology. || In the years since it first hit the stage, Prius has grown through four generations, as well as the release of multiple related models. || Most recently, the addition of the Prius Primeline rounds out the Prius family by offering a plug-in hybrid variant that allows for all-electric driving for up to 25 miles.",41cef8b324c54064,"You label BERTopic topics for an electric vehicle research corpus. Return one concise English topic label, 2 to 6 words. Prefer EV meaning when present. Do not explain.","Topic ID: 17
Keywords: prius, prius prime, prime, hybrid, toyota, connect, efficiency, plug, plug hybrid, prius plug
Representative snippets:
- Add all of that together, and it's clear that Prius Prime goes above and beyond, cementing Toyota's electrification leadership. Learn more today at toyota.com slash Prius Prime.
- Stay tuned to learn more about Prius Prime later in the video, but for now, let's find out more about Prius.
- And it's easy to see how Prius Prime is ready to take the lead. Learn more today at toyota.com slash Prius Prime.
- More than 20 years ago, the Toyota Prius changed the automotive landscape when it introduced the world to modern hybrid technology.
- In the years since it first hit the stage, Prius has grown through four generations, as well as the release of multiple related models.
- Most recently, the addition of the Prius Primeline rounds out the Prius family by offering a plug-in hybrid variant that allows for all-electric driving for up to 25 miles.

Topic label:","[{""role"": ""system"", ""content"": ""You label BERTopic topics for an electric vehicle research corpus. Return one concise English topic label, 2 to 6 words. Prefer EV meaning when present. Do not explain.""}, {""role"": ""user"", ""content"": ""Topic ID: 17\nKeywords: prius, prius prime, prime, hybrid, toyota, connect, efficiency, plug, plug hybrid, prius plug\nRepresentative snippets:\n- Add all of that together, and it's clear that Prius Prime goes above and beyond, cementing Toyota's electrification leadership. Learn more today at toyota.com slash Prius Prime.\n- Stay tuned to learn more about Prius Prime later in the video, but for now, let's find out more about Prius.\n- And it's easy to see how Prius Prime is ready to take the lead. Learn more today at toyota.com slash Prius Prime.\n- More than 20 years ago, the Toyota Prius changed the automotive landscape when it introduced the world to modern hybrid technology.\n- In the years since it first hit the stage, Prius has grown through four generations, as well as the release of multiple related models.\n- Most recently, the addition of the Prius Primeline rounds out the Prius family by offering a plug-in hybrid variant that allows for all-electric driving for up to 25 miles.\n\nTopic label:""}]"
18,"rav4, rav4 prime, prime, hybrid, trd, available, plug hybrid, road, plug, toyota","And it quickly becomes clear that RAV4 Prime lives up to its name. Visit toyota.com slash RAV4 Prime to learn more. || Want to learn more? Discover RAV4 Prime Plug-in Hybrid EV today on toyota.com slash RAV4 Prime. || RAV4 features a standard 7-inch touchscreen display to control Toyota's Audio Multimedia system, while RAV4 Prime XSE, TRD Off-Road, Hybrid XSE, and Limited all come standard with a 9-inch Audio Multimedia touchscreen, which is the largest ever for RAV4. || Some standard features on the A4 include LED headlights with high beam assist and tail lights with dynamic turn signals, kick to release trunk, 10.1 inch center touch screen display with Apple CarPlay and Android Auto, full leather seating surfaces with heated front seats and much, much more. || cooling in the rear and everything developed bespokely for the Nevada. Here we can see one of the final pre-series cars and all of them have a planned life. || We have the Trofeo version that is more linked to the performance side, so more audacious.",09f1cb2f687bf430,"You label BERTopic topics for an electric vehicle research corpus. Return one concise English topic label, 2 to 6 words. Prefer EV meaning when present. Do not explain.","Topic ID: 18
Keywords: rav4, rav4 prime, prime, hybrid, trd, available, plug hybrid, road, plug, toyota
Representative snippets:
- And it quickly becomes clear that RAV4 Prime lives up to its name. Visit toyota.com slash RAV4 Prime to learn more.
- Want to learn more? Discover RAV4 Prime Plug-in Hybrid EV today on toyota.com slash RAV4 Prime.
- RAV4 features a standard 7-inch touchscreen display to control Toyota's Audio Multimedia system, while RAV4 Prime XSE, TRD Off-Road, Hybrid XSE, and Limited all come standard with a 9-inch Audio Multimedia touchscreen, which is the largest ever for RAV4.
- Some standard features on the A4 include LED headlights with high beam assist and tail lights with dynamic turn signals, kick to release trunk, 10.1 inch center touch screen display with Apple CarPlay and Android Auto, full leather seating surfaces with heated front seats and much, much more.
- cooling in the rear and everything developed bespokely for the Nevada. Here we can see one of the final pre-series cars and all of them have a planned life.
- We have the Trofeo version that is more linked to the performance side, so more audacious.

Topic label:","[{""role"": ""system"", ""content"": ""You label BERTopic topics for an electric vehicle research corpus. Return one concise English topic label, 2 to 6 words. Prefer EV meaning when present. Do not explain.""}, {""role"": ""user"", ""content"": ""Topic ID: 18\nKeywords: rav4, rav4 prime, prime, hybrid, trd, available, plug hybrid, road, plug, toyota\nRepresentative snippets:\n- And it quickly becomes clear that RAV4 Prime lives up to its name. Visit toyota.com slash RAV4 Prime to learn more.\n- Want to learn more? Discover RAV4 Prime Plug-in Hybrid EV today on toyota.com slash RAV4 Prime.\n- RAV4 features a standard 7-inch touchscreen display to control Toyota's Audio Multimedia system, while RAV4 Prime XSE, TRD Off-Road, Hybrid XSE, and Limited all come standard with a 9-inch Audio Multimedia touchscreen, which is the largest ever for RAV4.\n- Some standard features on the A4 include LED headlights with high beam assist and tail lights with dynamic turn signals, kick to release trunk, 10.1 inch center touch screen display with Apple CarPlay and Android Auto, full leather seating surfaces with heated front seats and much, much more.\n- cooling in the rear and everything developed bespokely for the Nevada. Here we can see one of the final pre-series cars and all of them have a planned life.\n- We have the Trofeo version that is more linked to the performance side, so more audacious.\n\nTopic label:""}]"
19,"pedal, mode, braking, regenerative braking, regenerative, brakes, brake, drive, accelerator, modes","Yes, that's a great question. So a lot of times when I'm in traffic and I'm in one pedal driving mode and maybe a car in front of me starts to slow down a little bit more than I anticipated, I can reach up and grab the regen on demand paddle and get the maximum amount of regenerative braking available. || So in any one of these drive experiences, you can drive in one pedal or in two pedal drive. || i-Pedal 3.0 allows you to speed up, slow down, or even come to a complete stop, all just using the accelerator pedal. || Energy recuperation is an EV feature we now know well, but Audi takes a different approach to one-pedal driving. || Drive it like a normal car, no adjustments needed. Audi uses intelligence through map data and front-facing cameras to maximize the amount of coasting possible before engaging recuperation when the brake pedal is pressed or slowing traffic is detected. || This is more efficient than always engaging maximum recuperation. Paddles on the steering wheel allow you to manually choose three different levels of recuperation to suit your drive style.",529cbe7af792369d,"You label BERTopic topics for an electric vehicle research corpus. Return one concise English topic label, 2 to 6 words. Prefer EV meaning when present. Do not explain.","Topic ID: 19
Keywords: pedal, mode, braking, regenerative braking, regenerative, brakes, brake, drive, accelerator, modes
Representative snippets:
- Yes, that's a great question. So a lot of times when I'm in traffic and I'm in one pedal driving mode and maybe a car in front of me starts to slow down a little bit more than I anticipated, I can reach up and grab the regen on demand paddle and get the maximum amount of regenerative braking available.
- So in any one of these drive experiences, you can drive in one pedal or in two pedal drive.
- i-Pedal 3.0 allows you to speed up, slow down, or even come to a complete stop, all just using the accelerator pedal.
- Energy recuperation is an EV feature we now know well, but Audi takes a different approach to one-pedal driving.
- Drive it like a normal car, no adjustments needed. Audi uses intelligence through map data and front-facing cameras to maximize the amount of coasting possible before engaging recuperation when the brake pedal is pressed or slowing traffic is detected.
- This is more efficient than always engaging maximum recuperation. Paddles on the steering wheel allow you to manually choose three different levels of recuperation to suit your drive style.

Topic label:","[{""role"": ""system"", ""content"": ""You label BERTopic topics for an electric vehicle research corpus. Return one concise English topic label, 2 to 6 words. Prefer EV meaning when present. Do not explain.""}, {""role"": ""user"", ""content"": ""Topic ID: 19\nKeywords: pedal, mode, braking, regenerative braking, regenerative, brakes, brake, drive, accelerator, modes\nRepresentative snippets:\n- Yes, that's a great question. So a lot of times when I'm in traffic and I'm in one pedal driving mode and maybe a car in front of me starts to slow down a little bit more than I anticipated, I can reach up and grab the regen on demand paddle and get the maximum amount of regenerative braking available.\n- So in any one of these drive experiences, you can drive in one pedal or in two pedal drive.\n- i-Pedal 3.0 allows you to speed up, slow down, or even come to a complete stop, all just using the accelerator pedal.\n- Energy recuperation is an EV feature we now know well, but Audi takes a different approach to one-pedal driving.\n- Drive it like a normal car, no adjustments needed. Audi uses intelligence through map data and front-facing cameras to maximize the amount of coasting possible before engaging recuperation when the brake pedal is pressed or slowing traffic is detected.\n- This is more efficient than always engaging maximum recuperation. Paddles on the steering wheel allow you to manually choose three different levels of recuperation to suit your drive style.\n\nTopic label:""}]"
20,"highlander, grand highlander, toyota, standard, grand, multimedia, audio multimedia, drivers, touchscreen, audio","Toyota's latest Audio Multimedia platform includes standard wireless compatibility for Apple CarPlay, which connects drivers to the apps on their iPhone, including maps, messages, podcasts, and music subscriptions. || Intuitive and cutting-edge, Highlander makes staying connected effortless. Featuring a standard 8-inch or available 12.3-inch touchscreen, the latest Toyota Audio Multimedia platform includes standard wireless compatibility for Apple CarPlay, which connects drivers to the apps on their iPhone, including maps, messages, podcasts, and music subscriptions. || Every Grand Highlander comes standard with the Toyota Audio Multimedia Platform with a 12.3-inch touchscreen and includes standard wireless compatibility for Apple CarPlay, which connects drivers to the apps on their iPhone, including maps, messages, podcasts, and music subscriptions. || Every model in the Corolla lineup features Toyota's latest Audio Multimedia systems, complete with 7-inch touchscreen on Corolla L and 8-inch touchscreens on all other models. || For the past four years, the Toyota Highlander has been the best-selling retail vehicle in the extremely competitive midsize SUV segment, and this fourth generation raises the bar even further, thanks to its injection of serious style, performance, and premium features. || Highlander's lineup includes gasoline and hybrid, front-wheel drive, and all-wheel drive variations across six grades, with some new configurations, including the all-new XSE.",1167776529c88c35,"You label BERTopic topics for an electric vehicle research corpus. Return one concise English topic label, 2 to 6 words. Prefer EV meaning when present. Do not explain.","Topic ID: 20
Keywords: highlander, grand highlander, toyota, standard, grand, multimedia, audio multimedia, drivers, touchscreen, audio
Representative snippets:
- Toyota's latest Audio Multimedia platform includes standard wireless compatibility for Apple CarPlay, which connects drivers to the apps on their iPhone, including maps, messages, podcasts, and music subscriptions.
- Intuitive and cutting-edge, Highlander makes staying connected effortless. Featuring a standard 8-inch or available 12.3-inch touchscreen, the latest Toyota Audio Multimedia platform includes standard wireless compatibility for Apple CarPlay, which connects drivers to the apps on their iPhone, including maps, messages, podcasts, and music subscriptions.
- Every Grand Highlander comes standard with the Toyota Audio Multimedia Platform with a 12.3-inch touchscreen and includes standard wireless compatibility for Apple CarPlay, which connects drivers to the apps on their iPhone, including maps, messages, podcasts, and music subscriptions.
- Every model in the Corolla lineup features Toyota's latest Audio Multimedia systems, complete with 7-inch touchscreen on Corolla L and 8-inch touchscreens on all other models.
- For the past four years, the Toyota Highlander has been the best-selling retail vehicle in the extremely competitive midsize SUV segment, and this fourth generation raises the bar even further, thanks to its injection of serious style, performance, and premium features.
- Highlander's lineup includes gasoline and hybrid, front-wheel drive, and all-wheel drive variations across six grades, with some new configurations, including the all-new XSE.

Topic label:","[{""role"": ""system"", ""content"": ""You label BERTopic topics for an electric vehicle research corpus. Return one concise English topic label, 2 to 6 words. Prefer EV meaning when present. Do not explain.""}, {""role"": ""user"", ""content"": ""Topic ID: 20\nKeywords: highlander, grand highlander, toyota, standard, grand, multimedia, audio multimedia, drivers, touchscreen, audio\nRepresentative snippets:\n- Toyota's latest Audio Multimedia platform includes standard wireless compatibility for Apple CarPlay, which connects drivers to the apps on their iPhone, including maps, messages, podcasts, and music subscriptions.\n- Intuitive and cutting-edge, Highlander makes staying connected effortless. Featuring a standard 8-inch or available 12.3-inch touchscreen, the latest Toyota Audio Multimedia platform includes standard wireless compatibility for Apple CarPlay, which connects drivers to the apps on their iPhone, including maps, messages, podcasts, and music subscriptions.\n- Every Grand Highlander comes standard with the Toyota Audio Multimedia Platform with a 12.3-inch touchscreen and includes standard wireless compatibility for Apple CarPlay, which connects drivers to the apps on their iPhone, including maps, messages, podcasts, and music subscriptions.\n- Every model in the Corolla lineup features Toyota's latest Audio Multimedia systems, complete with 7-inch touchscreen on Corolla L and 8-inch touchscreens on all other models.\n- For the past four years, the Toyota Highlander has been the best-selling retail vehicle in the extremely competitive midsize SUV segment, and this fourth generation raises the bar even further, thanks to its injection of serious style, performance, and premium features.\n- Highlander's lineup includes gasoline and hybrid, front-wheel drive, and all-wheel drive variations across six grades, with some new configurations, including the all-new XSE.\n\nTopic label:""}]"
21,"k27, america, evolution, affordable, electric, pre, auto, vehicles, order, ev","Kandy. Auto evolution for all. Now let's head to the garage and take a look at the K27's interior. || Talk about an auto evolution for all. Both the Kandy K27 and K23 models are under $20,000 for the first 2,000 pre-orders. || The K27 really is that affordable. Introducing the all-electric Kandy K27. That's not a typo. || And now, here is Peter Nota, board member for customer, brands, and sales. || And on that note, I'd like to hand back to Peter Nota. || It can be ordered from our distributors today. Thank you very much and we'll see you on the next one.",52d3e5f91fb02775,"You label BERTopic topics for an electric vehicle research corpus. Return one concise English topic label, 2 to 6 words. Prefer EV meaning when present. Do not explain.","Topic ID: 21
Keywords: k27, america, evolution, affordable, electric, pre, auto, vehicles, order, ev
Representative snippets:
- Kandy. Auto evolution for all. Now let's head to the garage and take a look at the K27's interior.
- Talk about an auto evolution for all. Both the Kandy K27 and K23 models are under $20,000 for the first 2,000 pre-orders.
- The K27 really is that affordable. Introducing the all-electric Kandy K27. That's not a typo.
- And now, here is Peter Nota, board member for customer, brands, and sales.
- And on that note, I'd like to hand back to Peter Nota.
- It can be ordered from our distributors today. Thank you very much and we'll see you on the next one.

Topic label:","[{""role"": ""system"", ""content"": ""You label BERTopic topics for an electric vehicle research corpus. Return one concise English topic label, 2 to 6 words. Prefer EV meaning when present. Do not explain.""}, {""role"": ""user"", ""content"": ""Topic ID: 21\nKeywords: k27, america, evolution, affordable, electric, pre, auto, vehicles, order, ev\nRepresentative snippets:\n- Kandy. Auto evolution for all. Now let's head to the garage and take a look at the K27's interior.\n- Talk about an auto evolution for all. Both the Kandy K27 and K23 models are under $20,000 for the first 2,000 pre-orders.\n- The K27 really is that affordable. Introducing the all-electric Kandy K27. That's not a typo.\n- And now, here is Peter Nota, board member for customer, brands, and sales.\n- And on that note, I'd like to hand back to Peter Nota.\n- It can be ordered from our distributors today. Thank you very much and we'll see you on the next one.\n\nTopic label:""}]"
